{
  "particles": [
    {
	  "condition": "((entity.getData('pack:dyn/cooldown_3') < 1 && entity.getData('pack:dyn/cooldown_3')>0.8) || (entity.getData('pack:dyn/cooldown_3') < 0.2 && entity.getData('pack:dyn/cooldown_3')>0.0)) && entity.getData('fiskheroes:flying')",
      "type": "minecraft:largeexplode",
      "anchor": "leftArm",
      "amount": 1,
      "offset": {
        "tp": [0.0, -0.5, 1.2],
        "fp": [0.0, -0.5, 1.0]
      },
      "motion": [0.0, -0.25, 0.0],
      "randOffset": [0.05, 0.0, 0.05],
      "randMotion": [0.05, 0.0, 0.05],
      "mirror": true,
      "lockFPYaw": true
    },
    {
	  "condition": "((entity.getData('pack:dyn/cooldown_3') < 1 && entity.getData('pack:dyn/cooldown_3')>0.8) || (entity.getData('pack:dyn/cooldown_3') < 0.2 && entity.getData('pack:dyn/cooldown_3')>0.0)) && entity.getData('fiskheroes:flying')",
      "type": "BIG_SMOKE",
      "anchor": "leftArm",
      "amount": 20,
      "offset": {
        "tp": [0.0, -0.5, 1.2],
        "fp": [0.0, -0.5, 1.0]
      },
      "motion": [0.0, -0.1, 0.0],
      "randOffset": [0.3, 0.2, 0.3],
      "randMotion": [0.1, 0.1, 0.1],
      "mirror": true,
      "lockFPYaw": true
    },
	{
	  "condition": "((entity.getData('pack:dyn/cooldown_3') < 1 && entity.getData('pack:dyn/cooldown_3')>0.8) || (entity.getData('pack:dyn/cooldown_3') < 0.2 && entity.getData('pack:dyn/cooldown_3')>0.0)) && entity.getData('fiskheroes:flying')",
      "type": "FLAME_BALL",
      "anchor": "leftArm",
      "amount": 20,
      "offset": {
        "tp": [0.0, -0.5, 1.2],
        "fp": [0.0, -0.5, 1.0]
      },
      "motion": [0.0, -0.1, 0.0],
      "randOffset": [0.3, 0.2, 0.3],
      "randMotion": [0.1, 0.1, 0.1],
      "mirror": true,
      "lockFPYaw": true
    }
  ]
}
