{
  "particles": [
    {
      "type": "FLAME",
      "amount": {
        "tp": 20,
        "fp": 10
      },
      "offset": {
        "tp": [-0.4, -0.81, 0.0],
        "fp": [-0.65, -0.81, -0.25]
      },
      "motion": [0.0, -0.25, 0.0],
      "randOffset": [0.1, 0.0, 0.1],
      "randMotion": [0.05, 0.0, 0.05],
      "mirror": "!entity.getData('fiskheroes:aiming')",
      "lockFPRot": true,
      "lockFPYaw": true
    },
	{
      "type": "FLAME",
      "amount": 10,
      "offset": [0.125, -1.62, 0],
      "randOffset": [0.1, 0.0, 0.1],
      "randMotion": [0.05, 0.0, 0.05],
      "mirror": true,
      "lockFPYaw": true
    }
  ]
}