{
  "particles": [
    {
      "maxDistance": 256,
      "type": "FLAME_BALL",
      "anchor": "leftArm",
      "amount": 20,
      "offset": {
        "tp": [-1.0, 9.5, 0.0],
        "fp": [-8.0, 8.0, 4.0]
      },
      "motion": [0.0, -0.25, 0.0],
      "randOffset": [0.05, 0.0, 0.05],
      "randMotion": [0.05, 0.0, 0.05],
      "mirror": "!entity.getData('fiskheroes:aiming')",
      "lockFPYaw": true
    },
    {
      "maxDistance": 256,
      "type": "BIG_SMOKE",
      "anchor": "leftArm",
      "amount": 7,
      "offset": {
        "tp": [-1.0, 9.5, 0.0],
        "fp": [-8.0, 8.0, 4.0]
      },
      "motion": [0.0, -0.35, 0.0],
      "randOffset": [0.1, 0.1, 0.1],
      "randMotion": [0.1, 0.1, 0.1],
      "mirror": "!entity.getData('fiskheroes:aiming')",
      "lockFPYaw": true
    }
  ]
}