{
  "particles": [
    {
      
      "type": "SMOKE",
	  "anchor": "body",
      "amount": 5,
      "offset": [0.0, 14.0, -3.0],
	  "randOffset": [0.5, 0.0, 0.5],
      "motion": [0.5, 0.1, 0.5],
	  "randMotion": [-0.5, 0.0, -0.5],
      "mirror": false
    },
	{
      
      "type": "SMOKE",
	  "anchor": "body",
      "amount": 5,
      "offset": [0.0, 14.0, -3.0],
	  "randOffset": [0.5, 0.0, 0.5],
      "motion": [-0.5, 0.1, -0.5],
	  "randMotion": [0.5, 0.0, 0.5],
      "mirror": false
    },
	{
      
      "type": "SMOKE",
	  "anchor": "body",
      "amount": 5,
      "offset": [0.0, 14.0, -3.0],
	  "randOffset": [0.5, 0.0, 0.5],
      "motion": [-0.5, 0.1, 0.5],
	  "randMotion": [0.5, 0.0, -0.5],
      "mirror": false
    },
	{
      
      "type": "SMOKE",
	  "anchor": "body",
      "amount": 5,
      "offset": [0.0, 14.0, -3.0],
	  "randOffset": [0.5, 0.0, 0.5],
      "motion": [0.5, 0.1, -0.5],
	  "randMotion": [-0.5, 0.0, 0.5],
      "mirror": false
    }
	
  ]
}
