{
  "particles": [
    {
	  "maxDistance": 256,
      "type": "minecraft:reddust",
      "amount": 8,
      "randOffset": [0.3, 0.3, 0.1],
      "randMotion": [0.3, 0.0, -0.6],
	  "motion": [0.4, 1.0, 0.28]
    },
	{
	  "maxDistance": 256,
      "type": "FIREWORK_BACKGROUND",
      "amount": 1,
      "randOffset": [0.02, 0.02, 0.0],
	  "randMotion": [0.3, 0.0, -0.6],
	  "motion": [0.4, 1.0, 0.28]
    },
	{
	  "maxDistance": 256,
      "type": "minecraft:largeexplode",
      "amount": 1,
      "randOffset": [0.01, 0.01, 0.0]
    }
  ]
}
