{
  "particles": [
	{
      "type": "SPARK",
      "amount": 10,
      "randOffset": [2.6, 2.6, 0.2]
    },
	{
      "type": "DWARF_STAR_ENERGY",
      "amount": 62,
      "randOffset": [3.0, 3.0, 2.0],
	  "randMotion": [1.2, 1.2, 1.2]
    },
	{
      "type": "minecraft:hugeexplosion",
      "amount": 1,
      "randOffset": [0.5, -0.5, 0.0],
	  "randMotion": [0.1, 0.1, 0.0]
    },
	{
      "type": "THICK_SMOKE",
      "amount": 10,
      "randOffset": [1.7, 1.7, -0.2],
	  "randMotion": [0.8, 1.1, -0.2]
    },
	{
      "type": "minecraft:largesmoke",
      "amount": 20,
      "randOffset": [2.7, 2.7, -0.2],
	  "randMotion": [0.6, 0.6, -0.1]
    }

  ]
}
