{
  "particles": [
    {
      "maxDistance": 256,
      "type": "DWARF_STAR_ENERGY",
      "anchor": "rightArm",
      "amount": 10,
      "offset": {
        "tp": [1.0, 10.0, 0.0],
        "fp": [8.0, 8.0, 4.0]
      },
      "motion": [0.0, -0.25, 0.0],
      "randOffset": [0.1, 0.0, 0.1],
      "randMotion": [0.05, 0.0, 0.05],
      "mirror": "!entity.getData('fiskheroes:aiming')",
      "lockFPYaw": true
    },
	{
      "maxDistance": 256,
      "condition": "!firstPerson",
      "type": "DWARF_STAR_ENERGY",
      "anchor": "rightLeg",
      "amount": 5,
      "offset": [ -2.0, 10.0, 0.0 ],
      "motion": [ 0.0, -0.25, 0.0 ],
      "randMotion": [0.05, 0.0, 0.05]
    }
  ]
}
