{
  "particles": [
    {
      "type": "THICK_SMOKE",
      "amount": 45,
      "offset": [0.0, 7.0, 0.0],
      "motion": [-0.2, 0.4, -0.2],
      "randOffset": [-0.65, -0.3, -0.65],
      "randMotion": [-0.8, 0.1, -0.8],
      "mirror": false
    },
	{
      "type": "THICK_SMOKE",
      "amount": 15,
      "offset": [0.0, 7.0, 0.0],
      "motion": [0.0, 0.0, 0.0],
      "randOffset": [0.0, 0.0, 0.0],
      "randMotion": [4.0, 4.0, 4.0],
      "mirror": false
    },
	{
      "type": "THICK_SMOKE",
      "amount": 25,
      "offset": [0.0, 13.0, 0.0],
      "motion": [-0.2, 0.4, -0.2],
      "randOffset": [-0.5, 0.3, -0.5],
      "randMotion": [-0.8, -0.1, -0.8],
      "mirror": false
    },
	{
	  "condition": "entity.ticksExisted() % 3 >= 0 && entity.ticksExisted() % 3 < 1",
      "type": "minecraft:dripWater",
      "amount": 55,
      "offset": [0.0, 8.0, 0.0],
      "motion": [0.0, -3.0, 0.0],
      "randOffset": [7.0, -1.0, 7.0],
      "randMotion": [-0.3, -0.5, -0.3],
      "mirror": false
    }
  ]
}