{
  "particles": [
	{
	  "condition": "entity.motion().length()>0.08",
      "type": "minecraft:blockcrack_12_0",
	  "anchor": "body",
      "amount": 5,
      "offset": [0.0, 24.0, 2.0],
      "randOffset": [0.3, 0.3, 0.3],
      "randMotion": [0.1, 0.1, 0.1]
    },
    {
	  "condition": "entity.motion().length()>0.1 && !entity.isSprinting()",
      "type": "minecraft:blockcrack_12_0",
	  "anchor": "body",
      "amount": 20,
      "offset": [0.0, 24.0, 2.0],
      "randOffset": [0.3, 0.3, 0.3],
      "randMotion": [0.1, 0.1, 0.1]
    },
	{
	  "condition": "entity.motion().length()>0.1 && entity.isSprinting()",
      "type": "minecraft:blockcrack_12_0",
	  "anchor": "body",
      "amount": 40,
      "offset": [0.0, 24.0, 2.0],
      "randOffset": [0.3, 0.3, 0.3],
      "randMotion": [0.1, 0.1, 0.1]
    },
	{
	  "condition": "entity.getData('fiskheroes:shadowform_timer') < 1 && entity.getData('fiskheroes:shadowform')",
      "type": "THICK_SMOKE",
	  "anchor": "body",
      "amount": 20,
      "offset": [0.0, 0.0, 0.0],
	  "motion": [0.0, -2.0, 0.0],
      "randOffset": [0.5, 0.5, 0.5],
      "randMotion": [0.9, 0.0, 0.9]
    }
  ]
}