{
  "particles": [
    {
      "condition": "!firstPerson && !entity.getData('fiskheroes:hovering')",
      "type": "SMOKE",
      "anchor": "rightArm",
      "amount": 2,
      "offset": [1.0, 10.0, 0.0],
      "motion": [0.0, -0.25, 0.0],
      "randMotion": [-0.025, 0.0, 0.025],
      "mirror": true
    },
    {
      "type": "THICK_SMOKE",
      "amount": 2,
	  "anchor": "rightLeg",
	   "offset": {
		"tp": [0.0, 10.0, 0.0],
        "fp": [3.0, 27.0, 0.0]
      },
      "motion": [0.0, -0.25, 0.0],
      "randMotion": [0.0125, 0.0, 0.025],
      "mirror": true,
      "lockFPYaw": true
    }
  ]
}