{
  "particles": [
    {
      "type": "THICK_SMOKE",
	  "anchor": "rightArm",
      "amount": 50,
      "offset": [0.0, -0.8, 0.0],
      "motion": [0.0, 0.1, 0.0],
      "randOffset": [0.4, -0.5, 0.5],
      "randMotion": [0.3, 0.2, 0.3],
      "mirror": false
    },
	{
      "type": "THICK_SMOKE",
	  "anchor": "rightArm",
      "amount": 50,
      "offset": [0.0, -5.0, 0.0],
      "motion": [0.0, 0.1, 0.0],
      "randOffset": [0.2, 0.5, 0.3],
      "randMotion": [0.3, 0.2, 0.3],
      "mirror": false
    }
  ]
}