{
  "particles": [
    {
      "type": "THICK_SMOKE",
	  "anchor": "body",
      "amount": 35,
      "offset": [0.0, -97.0, -55.0],
      "motion": [-0.1, 0.3, -0.1],
      "randOffset": [-0.35, -0.2, -0.35],
      "randMotion": [-0.5, 0.1, -0.5],
      "mirror": false
    },
	{
      "type": "THICK_SMOKE",
	  "anchor": "body",
      "amount": 35,
      "offset": [0.0, -101.0, -55.0],
      "motion": [-0.1, 0.3, -0.1],
      "randOffset": [-0.2, 0.2, -0.2],
      "randMotion": [-0.5, -0.1, -0.5],
      "mirror": false
    },
	{

	  "anchor": "body",
      "type": "minecraft:splash",
      "amount": 45,
      "offset": [0.0, -98.0, -55.0],
      "motion": [0.0, -3.0, 0.0],
      "randOffset": [3.5, -1.0, 3.5],
      "randMotion": [-0.3, -0.5, -0.3],
      "mirror": false
    }
  ]
}