{
  "name": "Batsuit (Telltale)",
  "modifiers": {
    "fiskheroes:equipment": {
      "equipment": {
        "fiskheroes:batarang": {
          "cooldown": 13,
          "uses": 3,
          "damageProfile": {
            "damage": 8.0,
            "types": {
              "SHURIKEN": 1.0
            },
            "properties": {
              "DAMAGE_DROPOFF": 0.6,
              "HIT_COOLDOWN": 0
            }
          }
        },
        "fiskheroes:smoke_pellet": {
          "cooldown": 200,
          "uses": 2
        }
      },
      "soundEvents": {
        "SWITCH": "fiskheroes:utility_belt_switch"
      }
    },
    "fiskheroes:gliding": {
      "gliding": {
        "speed": 1.0,
        "lift": 1.0,
        "gravity": 1.0,
        "stall": 0.0
      },
      "isPowered": false,
      "isControlled": false,
      "canJumpActivate": true,
      "collision": {
        "blocks": {
          "stopFlying": true,
          "takeDamage": true
        },
        "entities": {
          "stopFlying": true,
          "dealDamage": true
        }
      },
      "knockback": 0.75,
      "soundEvents": {
        "ENABLE": ["fiskheroes:cape_open", "fiskheroes:gliding"],
        "DISABLE": "fiskheroes:cape_close"
      }
    }
  }
}
