{
  "name": "Tactical Batsuit",
  "modifiers": {
    "fiskheroes:transformation|grapple_transformation": {
      "transformation": {
        "toggleData": "unconventional:dyn/grapple",
        "timerData": "unconventional:dyn/grapple_timer",
        "time": 6
      }
    },
    "fiskheroes:equipment": {
      "equipment": {
        "fiskheroes:batarang": {
          "cooldown": 12,
          "uses": 4,
          "damageProfile": {
            "damage": 8.0,
            "types": {
              "SHURIKEN": 1.0
            },
            "properties": {
              "DAMAGE_DROPOFF": 0.6,
              "HIT_COOLDOWN": 0
            }
          }
        },
        "fiskheroes:smoke_pellet": {
          "cooldown": 200,
          "uses": 4
        }
      },
      "soundEvents": {
        "SWITCH": "fiskheroes:utility_belt_switch"
      }
    },
    "fiskheroes:controlled_flight": {
      "speed": 0.2,
      "boostSpeed": 0.2,
      "canBoost": true,
      "canRoll": true,
      "barrelRoll": {
        "duration": 21,
        "speed": 0.1,
        "drag": 0.0
      },
      "diveSpeedRetention": 0.5,
      "collision": {
        "blocks": {
          "stopFlying": true,
          "takeDamage": true
        },
        "entities": {
          "stopFlying": true,
          "dealDamage": true
        }
      },
      "knockback": 0.0
    },
    "fiskheroes:gliding": {
      "gliding": {
        "speed": 1.1,
        "lift": 1.0,
        "gravity": 1.0,
        "stall": 0.0
      },
      "isPowered": false,
      "isControlled": false,
      "canJumpActivate": true,
      "collision": {
        "blocks": {
          "stopFlying": true,
          "takeDamage": true
        },
        "entities": {
          "stopFlying": true,
          "dealDamage": true
        }
      },
      "knockback": 0.75,
      "soundEvents": {
        "ENABLE": ["fiskheroes:cape_open", "fiskheroes:gliding"],
        "DISABLE": "fiskheroes:cape_close",
        "IMPACT_BLOCK": "fiskheroes:flight_impact_block",
        "IMPACT_ENTITY": "fiskheroes:flight_impact_entity"
      }
    },
    "fiskheroes:damage_immunity": {
      "damageType": "BULLET"
    }
  }
}
