{
  "name": "Batsuit Version 8.04",
  "modifiers": {
    "fiskheroes:transformation|sliding_transformation": {
      "transformation": {
        "toggleData": "unconventional:dyn/sliding",
        "timerData": "unconventional:dyn/sliding_timer",
        "time": 6
      }
    },
    "fiskheroes:cooldown|sliding_cooldown": {
      "cooldown": {
        "toggleData": "unconventional:dyn/sliding",
        "cooldownData": "unconventional:dyn/sliding_cooldown",
        "duration": 15,
        "recovery": 2.0
      }
    },
    "fiskheroes:cooldown|sprint_cooldown": {
      "cooldown": {
        "toggleData": "entity.isSprinting()",
        "cooldownData": "unconventional:dyn/sprint_cooldown",
        "duration": 1,
        "recovery": 1.0
      }
    },
    "fiskheroes:transformation|grapple_transformation": {
      "transformation": {
        "toggleData": "unconventional:dyn/grapple",
        "timerData": "unconventional:dyn/grapple_timer",
        "time": 6
      }
    },
    "fiskheroes:controlled_flight": {
      "speed": 0.2,
      "boostSpeed": 0.2,
      "canBoost": true,
      "canRoll": true,
      "barrelRoll": {
        "duration": 21,
        "speed": 0.1,
        "drag": 0.0
      },
      "diveSpeedRetention": 0.5,
      "collision": {
        "blocks": {
          "stopFlying": true,
          "takeDamage": true
        },
        "entities": {
          "stopFlying": true,
          "dealDamage": true
        }
      },
      "knockback": 0.0
    },
    "fiskheroes:shadowdome|enable": {
      "chargeTime": 0,
      "duration": 1,
      "radius": 26.0,
      "soundEvents": {
        "CAST": "unconventional:scan_zone_swipe"
      }
    },
	"fiskheroes:cooldown|shadow_dome": {
      "cooldown": {
        "toggleData": "entity.getData('fiskheroes:lightsout')",
        "cooldownData": "unconventional:dyn/cooldown_1",
        "duration": 2,
        "recovery": 0.08
      }
    },
    "fiskheroes:equipment": {
      "equipment": {
        "fiskheroes:batarang": {
          "cooldown": 10,
          "uses": 2,
          "damageProfile": {
            "damage": 8.0,
            "types": {
              "SHURIKEN": 1.0
            },
            "properties": {
              "DAMAGE_DROPOFF": 0.6,
              "HIT_COOLDOWN": 0
            }
          }
        },
        "fiskheroes:freeze_grenade": {
          "cooldown": 500,
          "uses": 2,
          "damageProfile": {
            "damage": 14.0,
            "types": {
              "COLD": 0.5,
              "EXPLOSION": 0.6
            }
          }
        },
        "fiskheroes:smoke_pellet": {
          "cooldown": 100,
          "uses": 1
        }
      },
      "soundEvents": {
        "SWITCH": "fiskheroes:utility_belt_switch"
      }
    },
    "fiskheroes:gliding": {
      "gliding": {
        "speed": 1.2,
        "lift": 1.0,
        "gravity": 0.8,
        "stall": 0.0
      },
      "isPowered": false,
      "isControlled": false,
      "canJumpActivate": true,
      "collision": {
        "blocks": {
          "stopFlying": true,
          "takeDamage": true
        },
        "entities": {
          "stopFlying": true,
          "dealDamage": true
        }
      },
      "knockback": 1.2,
      "soundEvents": {
        "ENABLE": ["fiskheroes:cape_open", "fiskheroes:gliding"],
        "DISABLE": "fiskheroes:cape_close"
      }
    },
    "fiskheroes:damage_resistance|bullet": {
      "damageType": "BULLET",
      "factor": 0.6
    }
  },
  "hud": [
    {
      "type": "PROGRESS",
      "texture": "unconventional:textures/gui/bars/sliding_timer.png",
      "data": "unconventional:dyn/sliding_cooldown"
    }
  ]
}
