{
  "name": "Ronin Suit",
  "modifiers": {
    "fiskheroes:equipment": {
      "equipment": {
        "fiskheroes:throwing_star": {
          "cooldown": 40,
          "uses": 3,
          "damageProfile": {
            "damage": 8.0,
            "types": {
              "SHURIKEN": 1.0
            },
            "properties": {
              "DAMAGE_DROPOFF": 0.6,
              "HIT_COOLDOWN": 0
            }
          }
        }
      },
      "soundEvents": {
        "SWITCH": "fiskheroes:utility_belt_switch"
      }
	  }
  }
}