{
  "name": "Super Speed",
  "modifiers": {
    "fiskheroes:energy_projection": {
      "damageProfile": {
        "damage": 4.0,
        "types": {
          "BLUNT": 1.0
        },
        "properties": {
          "ADD_KNOCKBACK": 0.5
        }
      },
      "range": 1.0,
      "radius": 0.5
    },
    "fiskheroes:super_speed": {
      "canUseTreadmill": true,
      "soundEvents": {
        "ENABLE": [],
        "DISABLE": [],
        "MOVE": ["unconventional:super_speed_move_loop_wind"],
        "SPRINT": ["unconventional:super_speed_sprint_pietro"],
        "STOP": ["unconventional:super_speed_stop_pietro"]
      }
    },
    "fiskheroes:slow_motion": {
      "soundEvents": {
        "ENABLE": [],
        "DISABLE": []
      }
    },
    "fiskheroes:arrow_catching": {
    },
    "fiskheroes:regeneration": {
      "factor": 5
    },
    "fiskheroes:potion_immunity": {
      "potionEffects": ["minecraft:nausea", "minecraft:poison", "minecraft:wither"]
    }    
  }
}
