{
  "name": "Taskmaster Armor",
  "modifiers": {
    "fiskheroes:damage_resistance|explosion": {
      "damageType": "EXPLOSION",
      "factor": 0.15
    },
    "fiskheroes:archery": {
    },
    "fiskheroes:arrow_catching": {
	  },
    "fiskheroes:shield_throwing": {
      "cooldownTime": 45,
      "soundEvents": {
        "THROW": "fiskheroes:shield_throw"
      }
    },
    "fiskheroes:transformation": {
      "key": "SHIELD_THROW",
      "transformation": {
        "toggleData": "unconventional:dyn/shield_throw",
        "timerData": "unconventional:dyn/shield_throw_timer",
        "time": 4
      },
      "isToggle": false
    },
    "fiskheroes:leaping": {
      "leapAmount": [0.4, 0.0]
    },
    "fiskheroes:blade": {
      "soundEvents": {
        "ENABLE": "fiskheroes:panther_claws_enable",
        "DISABLE": "fiskheroes:panther_claws_disable"
      }
    },
    "fiskheroes:transformation|weapon": {
      "transformation": {
        "toggleData": "unconventional:dyn/weapon",
        "timerData": "unconventional:dyn/weapon_timer",
        "time": 5
      }
    },
    "fiskheroes:cooldown|weapon_cooldown": {
      "cooldown": {
        "toggleData": "unconventional:dyn/weapon",
        "cooldownData": "unconventional:dyn/weapon_cooldown",
        "duration": -1,
        "recovery": 2.0
      }
    },

    "fiskheroes:transformation|weapon1": {
      "transformation": {
        "toggleData": "unconventional:dyn/weapon1",
        "timerData": "unconventional:dyn/weapon1_timer",
        "time": 5
      }
    },
    "fiskheroes:cooldown|weapon1_cooldown": {
      "cooldown": {
        "toggleData": "unconventional:dyn/weapon1",
        "cooldownData": "unconventional:dyn/weapon1_cooldown",
        "duration": -1,
        "recovery": 2.0
      }
    },

    "fiskheroes:transformation|weapon2": {
      "transformation": {
        "toggleData": "unconventional:dyn/weapon2",
        "timerData": "unconventional:dyn/weapon2_timer",
        "time": 5
      }
    },
    "fiskheroes:cooldown|weapon2_cooldown": {
      "cooldown": {
        "toggleData": "unconventional:dyn/weapon2",
        "cooldownData": "unconventional:dyn/weapon2_cooldown",
        "duration": -1,
        "recovery": 2.0
      }
    }
  }
}
