{
  "name": "Batsuit (Reeves)",
  "modifiers": {
    "fiskheroes:transformation|grapple_transformation": {
      "transformation": {
        "toggleData": "unconventional:dyn/grapple",
        "timerData": "unconventional:dyn/grapple_timer",
        "time": 6
      }
    },
    "fiskheroes:equipment": {
      "equipment": {
        "fiskheroes:batarang": {
          "cooldown": 14,
          "uses": 1,
          "damageProfile": {
            "damage": 14.0,
            "types": {
              "SHURIKEN": 1.0
            },
            "properties": {
              "DAMAGE_DROPOFF": 0.6,
              "HIT_COOLDOWN": 0
            }
          }
        },
        "fiskheroes:smoke_pellet": {
          "cooldown": 250,
          "uses": 4
        },
        "fiskheroes:grenade": {
          "cooldown": 100,
          "uses": 2,
          "damageProfile": {
            "damage": 14.0,
            "types": {
              "EXPLOSION": 1.0
            }
          },
          "isInstant": false,
          "affectsUser": true,
          "fuseTime": 30,
          "radius": 8.0
        }
      },
      "soundEvents": {
        "SWITCH": "fiskheroes:utility_belt_switch"
      }
    },
    "fiskheroes:damage_resistance": {
      "damageType": "BULLET",
      "factor": 0.75
    }
  }
}