{
  "name": "Web Shooters (Miles, Spider-Verse)",
  "modifiers": {
    "fiskheroes:web_swinging": {
      "cooldownTime": 5,
      "soundEvents": {
        "ENABLE": "fiskheroes:web_swinging_enable",
        "DISABLE": "fiskheroes:web_swinging_disable",
        "SHOOT": "unconventional:web_shoot_miles_sv",
        "RELEASE": "fiskheroes:web_swinging_whoosh",
        "SWING": ["fiskheroes:web_swinging", "fiskheroes:web_stress_loop"]
      }
    },
    "fiskheroes:web_zip": {
      "range": 48.0,
      "cooldownTime": 20,
      "soundEvents": {
        "SHOOT": "unconventional:web_zip_miles_sv"
      }
    },
    "fiskheroes:equipment": {
      "equipment": {
        "fiskheroes:sticky_web": {
          "cooldown": 13,
          "uses": 6,
          "dissolveTime": 120,
          "soundEvents": {
            "USE": "unconventional:web_shoot_miles_sv"
          }
        },
        "fiskheroes:impact_web": {
          "cooldown": 15,
          "uses": 8,
          "damageProfile": {
            "damage": 5.0,
            "types": {
              "BLUNT": 1.0
            },
            "properties": {
              "DAMAGE_DROPOFF": 0.4,
              "HIT_COOLDOWN": 0
            }
          },
          "soundEvents": {
            "USE": "unconventional:web_shoot_miles_sv"
          }
        }
      },
      "soundEvents": {
        "SWITCH": "fiskheroes:web_switch"
      }
    }
  }
}
