{
  "name": "Yellow Jacket Suit",
  "modifiers": {
	"fiskheroes:transformation": {
	  "key" : "BACKPACK",
      "transformation": {
        "toggleData": "fiskheroes:dyn/nanites",
        "timerData": "fiskheroes:dyn/nanite_timer",
        "time": 12
      },
      "soundEvents": {
        "ENABLE": "unconventional:yellow_jacket_stinger_enable",
        "DISABLE": "unconventional:yellow_jacket_stinger_disable"
      }
    },
	"fiskheroes:cooldown": {
      "cooldown": {
        "toggleData": "fiskheroes:dyn/nanites",
        "cooldownData": "fiskheroes:dyn/nanite_cooldown",
        "duration": -1,
        "recovery": 1
      },
	   "soundEvents": {
        "TIMEOUT": "unconventional:yellow_jacket_stinger_disable"
      }
    },
	"fiskheroes:size_manipulation|small": {
      "isInstant": true,
      "minSize": 0.0625,
      "maxSize": 1.0,
      "soundEvents": {
        "SHRINK": "unconventional:yellowjacket_shrink",
        "GROW": "unconventional:yellowjacket_grow"
      }
    },
    "fiskheroes:controlled_flight": {
      "speed": 0.05,
      "boostSpeed": 0.07,
      "canBoost": false,
      "collision": {
        "blocks": {
          "stopFlying": false,
          "takeDamage": true
        },
        "entities": {
          "stopFlying": true,
          "dealDamage": true
        }
      },
      "knockback": 0.7,
      "soundEvents": {
        "ENABLE": ["fiskheroes:atom_flight_enable", "fiskheroes:atom_flight_loop"],
        "BOOST": "fiskheroes:atom_boost",
        "IMPACT_BLOCK": "fiskheroes:flight_impact_block",
        "IMPACT_ENTITY": "fiskheroes:flight_impact_entity"
      }
    },
	"fiskheroes:controlled_flight|flight_small": {
      "speed": 0.07,
      "boostSpeed": 0.16,
      "canBoost": true,
      "collision": {
        "blocks": {
          "stopFlying": false,
          "takeDamage": true
        },
        "entities": {
          "stopFlying": true,
          "dealDamage": true
        }
      },
      "knockback": 0.7,
      "soundEvents": {
        "ENABLE": ["fiskheroes:atom_flight_enable", "fiskheroes:atom_flight_loop"],
        "BOOST": "fiskheroes:atom_boost",
        "IMPACT_BLOCK": "fiskheroes:flight_impact_block",
        "IMPACT_ENTITY": "fiskheroes:flight_impact_entity"
      }
    },
	"fiskheroes:repulsor_blast": {
      "damageProfile": {
        "damage": 8.0,
        "types": {
          "ENERGY": 1.0
        },
        "properties": {
          "ADD_KNOCKBACK": 0.5,
          "HIT_COOLDOWN": 0.0
        }
      },
      "range": 48.0,
      "speed": 20.0,
      "spread": 0.5,
      "radius": 0.1,
      "cooldownTime": 20,
      "soundEvents": {
        "SHOOT": "fiskheroes:mk50_cannon_shoot"
      }
    },
	"fiskheroes:repulsor_blast|repulsor_blast_small": {
      "damageProfile": {
        "damage": 8.0,
        "types": {
          "ENERGY": 1.0
        },
        "properties": {
          "ADD_KNOCKBACK": 0.5,
          "HIT_COOLDOWN": 0.0
        }
      },
      "range": 768.0,
      "speed": 320.0,
      "spread": 0.1,
      "radius": 0.1,
      "cooldownTime": 20,
      "soundEvents": {
        "SHOOT": "fiskheroes:mk50_cannon_shoot"
      }
    },
    "fiskheroes:charged_beam": {
      "damageProfile": {
        "damage": 5.0,
        "types": {
          "ENERGY": 1.0,
          "FIRE": 0.25
        },
        "properties": {
          "COOK_ENTITY": true,
          "HEAT_TRANSFER": 20
        }
      },
      "chargeTime": 10,
      "duration": 30,
      "cooldownTime": 30,
      "range": 32.0,
      "radius": 0.6,
      "soundEvents": {
        "SHOOT": "unconventional:yellow_jacket_beam_start",
		"SHOOT_STOP": "fiskheroes:manta_beam_stop",
        "BEAM_AMBIENT": "unconventional:yellow_jacket_beam_loop",
        "CHARGE": "unconventional:yellow_jacket_beam_charge"
      }
    },
	"fiskheroes:charged_beam|charged_beam_small": {
      "damageProfile": {
        "damage": 5.0,
        "types": {
          "ENERGY": 1.0,
          "FIRE": 0.25
        },
        "properties": {
          "COOK_ENTITY": true,
          "HEAT_TRANSFER": 20
        }
      },
      "chargeTime": 10,
      "duration": 30,
      "cooldownTime": 30,
      "range": 512.0,
      "radius": 0.6,
      "soundEvents": {
        "SHOOT": "unconventional:yellow_jacket_beam_start",
        "SHOOT_STOP": "fiskheroes:manta_beam_stop",
        "BEAM_AMBIENT": "unconventional:yellow_jacket_beam_loop",
        "CHARGE": "unconventional:yellow_jacket_beam_charge"
      }
    },
    "fiskheroes:water_breathing": {
    }
  },
  "hud": [
    {
      "type": "PROGRESS",
      "texture": "fiskheroes:textures/gui/bars/nanite_transformation.png",
      "data": "fiskheroes:dyn/nanite_cooldown"
    },
    {
      "type": "CIRCLE",
      "color": "fiskheroes:charged_beam",
      "data": "fiskheroes:beam_charge"
    }
  ]
}
