{
  "dataFormat": "CIRCLES",
  "maxAngle": 360,
  "shapes": [
    [20, 0.275],
	 [20, 0.3],
    [20, 0.655],
	[20, 0.625],
	[3, 0.425],
	
	{
      "data": [3, 0.625],
      "rotation": [0, 180, 0],
	  "rotIndex": 5
	},
	{
      "data": [3, 0.575],
      "rotation": [0, 180, 0],
	  "rotIndex": 5
	},
	{
      "data": [3, 0.625],
      "rotation": [0, 0, 0],
	  "rotIndex": 5
	},
	{
      "data": [3, 0.575],
      "rotation": [0, 0, 0],
	  "rotIndex": 5
	},

	[6, 1.3],
    {
      "data": [6, 1.3],
      "rotation": [0, 90, 0]
	},
    [20, 1.0],
	[20, 1.05],
    [20, 1.35],
    [20, 1.3]
  ]
}