{
  "maxAngle": 360,
  "shapes": [
    [6, 0.135],
    [20, 0.25],
    [4, 0.35],
    [4, 0.4],
	[20, 0.3],
	[20, 0.35],
    [3, 0.65],
    {
      "data": [3, 0.7],
      "rotation": [0, 180, 0],
	  "rotIndex": 0
    },
    {
      "data": [3, 0.8],
      "rotation": [0, 180, 0],
      "rotIndex": 0
    },
	{
      "data": [3, 0.7],
      "rotation": [0, 0, 0],
	  "rotIndex": 0
    },
    {
      "data": [3, 0.8],
      "rotation": [0, 0, 0],
      "rotIndex": 0
    },
	[20, 0.8],
	[20, 0.85]
  ]
}