{
  "dataFormat": "CIRCLES",
  "maxAngle": 360,
  "shapes": [
    {
      "data": [3, 1.5],
	  "offset": [0.0, 0.0, -1.0],
      "rotation": [0, 180, 0]
    },
	{
      "data": [3, 1.45],
	  "offset": [0.0, 0.0, -1.0],
      "rotation": [0, 180, 0]
    },
	{
      "data": [3, 1.4],
	  "offset": [0.0, 0.0, -1.0],
      "rotation": [0, 180, 0]
    },
	{
      "data": [3, 1.35],
	  "offset": [0.0, 0.0, -1.0],
      "rotation": [0, 180, 0]
    },
	{
      "data": [3, 1.3],
	  "offset": [0.0, 0.0, -1.0],
      "rotation": [0, 180, 0]
	},
	{
      "data": [3, 1.25],
	  "offset": [0.0, 0.0, -1.0],
      "rotation": [0, 180, 0]
    },
  ]
}