{
  "dataFormat": "CIRCLES",
  "maxAngle": 360,
  "shapes": [
    [4, 0.625],
    {
      "data": [4, 0.625],
      "rotation": [0, 45, 0]
    },
	[20, 0.625],
	[20, 0.575],
	
	[20, 0.175],
	
	[20, 0.150],
	[20, 0.10],
	{
      "data": [3, 1.53],
      "rotation": [0, 180, 0]
	  
    },
	{
      "data": [3, 1.37],
      "rotation": [0, 180, 0]
	  
    },
	{
      "data": [3, 1.6],
      "rotation": [0, 180, 0]
    },
	{
      "data": [3, 1.3],
      "rotation": [0, 180, 0]
	}
	
	
	
	
  ]
}