{
  "particles": [
    {
      "condition": "entity.getData('tmf:dyn/levelUp') != 0 && entity.getData('tmf:dyn/levelUp') != 1",
      "type": "minecraft:happyVillager",
      "anchor": "body",
      "amount": 10,
      "offset": {
        "tp": [
          0,
          1,
          0
        ],
        "fp": [
          0,
          0,
          0
        ]
      },
      "motion": [
        0.0,
        -0.35,
        0.0
      ],
      "randOffset": [
        1,
        0.2,
        1
      ],
      "randMotion": [
        0.5,
        0.5,
        0.5
      ],
      "lockFPYaw": true
    },

    {
      "condition": "entity.getData('tmf:dyn/transformed') == 32 && entity.getData('tmf:dyn/p_1') && entity.getData('tmf:dyn/pc_1') != 0",
      "type": "MYSTERIO_SMOKE",
      "anchor": "body",
      "amount": 5,
      "offset": [
        0.0,
        10.0,
        0.0
      ],
      "randOffset": [
        1.5,
        0.1,
        1.5
      ],
      "mirror": false
    },
    {
      "condition": "entity.getData('tmf:dyn/transformed') == 32 && !entity.getData('tmf:dyn/p_1') && entity.getData('tmf:dyn/pc_1') != 0 && entity.getData('tmf:dyn/pc_1') > 0.2",
      "type": "FLAME_BALL",
      "anchor": "body",
      "amount": 12,
      "offset": [
        0.0,
        10.0,
        0.0
      ],
      "randOffset": [
        2.5,
        0.3,
        2.5
      ],
      "mirror": false
    },
    {
      "condition": "entity.getData('tmf:dyn/transformed') == 32 && !entity.getData('tmf:dyn/p_1') && entity.getData('tmf:dyn/pc_1') != 0",
      "type": "SHORT_FLAME",
      "anchor": "body",
      "amount": 7,
      "offset": [
        0.0,
        10.0,
        0.0
      ],
      "randOffset": [
        2.5,
        0.3,
        2.5
      ],
      "mirror": false
    },
    {
      "condition": "entity.getData('tmf:dyn/transformed') == 32 && !entity.getData('tmf:dyn/p_1') && entity.getData('tmf:dyn/pc_1') != 0 && entity.getData('tmf:dyn/pc_1') < 0.2",
      "type": "BIG_SMOKE",
      "anchor": "body",
      "amount": 16,
      "offset": [
        0.0,
        9.0,
        0.0
      ],
      "randOffset": [
        2.0,
        0.3,
        2.0
      ],
      "mirror": false
    },
    {
      "condition": "entity.getData('tmf:dyn/transformed') == 32 && entity.getData('fiskheroes:flying')",
      "type": "FLAME_BALL",
      "anchor": "body",
      "amount": 6,
      "offset": {
        "tp": [
          -8.0,
          9.5,
          0.0
        ],
        "fp": [
          -8.0,
          8.0,
          4.0
        ]
      },
      "motion": [
        0.0,
        -0.25,
        0.0
      ],
      "randOffset": [
        0.05,
        0.0,
        0.05
      ],
      "randMotion": [
        0.05,
        0.0,
        0.05
      ],
      "mirror": "entity.getData('fiskheroes:heat_vision_timer') == 0",
      "lockFPYaw": true
    },
    {
      "condition": "entity.getData('tmf:dyn/transformed') == 32 && entity.getData('fiskheroes:flying')",
      "type": "BIG_SMOKE",
      "anchor": "body",
      "amount": 6,
      "offset": {
        "tp": [
          -8.0,
          9.5,
          0.0
        ],
        "fp": [
          -8.0,
          8.0,
          4.0
        ]
      },
      "motion": [
        0.0,
        -0.35,
        0.0
      ],
      "randOffset": [
        0.1,
        0.1,
        0.1
      ],
      "randMotion": [
        0.1,
        0.1,
        0.1
      ],
      "mirror": "entity.getData('fiskheroes:heat_vision_timer') == 0",
      "lockFPYaw": true
    },
    {
      "condition": "entity.getData('tmf:dyn/transformed') == 34 && entity.getData('fiskheroes:dyn/superhero_landing_timer') != 0",
      "type": "minecraft:explode",
      "anchor": "body",
      "amount": 1,
      "offset": [
        0.0,
        20.0,
        0.0
      ],
      "randOffset": [
        1.5,
        0.05,
        1.5
      ],
      "mirror": false
    },
    {
      "condition": "entity.getData('tmf:dyn/transformed') == 34 && entity.getData('fiskheroes:dyn/superhero_landing_timer') != 0",
      "type": "minecraft:largeexplode",
      "anchor": "body",
      "amount": 1,
      "offset": [
        0.0,
        20.0,
        0.0
      ],
      "randOffset": [
        0.2,
        0.05,
        0.2
      ],
      "mirror": false
    }
  ]
}