{
  "display": {
    "name": {
      "translate": "Cyberpsycho"
    },
    "icon": {
      "texture": "pwt:textures/gui/nodes/cyberpsycho.png"
    }
  },
  "requirements": [
    "pwt:cyberware"
  ],
  "criteria": {
    "cyberpsycho": {
      "trigger": "fiskheroes:entity_killed_by_player",
      "minSuccessCount": 50,
      "description": {
        "translate": "Slaughter 50 Villagers/Players"
      },
      "condition": {
        "variables": {
          "entity": "ENTITY_KILLED",
          "player": "PLAYER_KILLING",
          "damage": "DAMAGE_SOURCE"
        },
        "check": "entity.getName() == 'Villager' || entity.is('PLAYER')"
      }
    }
  }
}