{
    "display": {
    "name": "King of Curses",
    "icon": {
        "texture":  "pwt:textures/gui/nodes/sukuna.png"
		}
    },
    "price": {
    "XP_LEVELS": 10,
	"TUTRIDIUM": 2
    },
	"criteria": {
    "spider_eye": {
      "trigger": "fiskheroes:item_consumed_by_player",
      "minSuccessCount": 32,
      "description": {
        "translate": "Eat Some Spider Eyes"
      },
      "condition": {
        "variables": {
          "item": "ITEM_BEING_CONSUMED"
        },
        "check": "item.name() == 'minecraft:spider_eye'"
      }
    },
	"gold_carrot": {
      "trigger": "fiskheroes:item_consumed_by_player",
      "minSuccessCount": 32,
      "description": {
        "translate": "Eat Some Rotten Flesh"
      },
      "condition": {
        "variables": {
          "item": "ITEM_BEING_CONSUMED"
        },
        "check": "item.name() == 'minecraft:rotten_flesh'"
      }
    

    }
  }
}
