{
    "suit": "pwt:sukuna_heian",
    "requirements": [
        "fiskheroes:tier8_9",
        "fiskheroes:traversal2",
        "fiskheroes:defense2",
        "fiskheroes:melee3",
	"fiskheroes:ranged3",
	"fiskheroes:regeneration2",
	"pwt:sukuna",	
	"pwt:king_curse"
    ],
   "display": {
    "name": "True Form"
    },
	"criteria": {
    "spider_eye": {
      "trigger": "fiskheroes:item_consumed_by_player",
      "minSuccessCount": 512,
      "description": {
        "translate": "Eat Some More Spider Eyes"
      },
      "condition": {
        "variables": {
          "item": "ITEM_BEING_CONSUMED"
        },
        "check": "item.name() == 'minecraft:spider_eye'"
      }
    },
	"gold_carrot": {
      "trigger": "fiskheroes:item_consumed_by_player",
      "minSuccessCount": 512,
      "description": {
        "translate": "Eat Some More Rotten Flesh"
      },
      "condition": {
        "variables": {
          "item": "ITEM_BEING_CONSUMED"
        },
        "check": "item.name() == 'minecraft:rotten_flesh'"
      }
    

    }
  }

}