{
  "aspects": [
    {
      "type": "LASER",
      "opacity": 0.5,
      "scale": 1.0,
      "spin": 0.0,
      "pulse": {
        "length": 1.0,
        "size": 1.5,
        "frequency": 5.0
      },
      "core": null,
      "bloom": {
        "strength": 0.50,
        "spread": 2.5,
        "dropoff": 2.0,
        "quality": 1.0,
        "scaleToSize": false
      }
    },
    {
      "type": "LIGHTNING",
      "opacity": 0.8,
      "scale": 0.6,
      "amount": 5,
      "segments": {
        "min": 15,
        "spacing": 8.5
      },
      "intensity": 1.0,
      "changeRate": 0.8,
      "bounds": null,
      "core": null,
      "bloom": {
        "strength": 2.0,
        "spread": 5.5,
        "dropoff": 3.0,
        "quality": 1.7,
        "scaleToSize": false
      }
    
    }
  ]
}