{
  "aspects": [
    {
      "type": "LIGHTNING",
      "opacity": 0.7,
      "scale": 1.0,
      "amount": 1,
      "segments": 6,
      "intensity": 1.0,
      "changeRate": 0.5,
      "bounds": null,
      "core": {
        "color": "0xFFFFFF",
        "additiveBlending": true
      },
      "bloom": {
        "strength": 0.5,
        "spread": 5.0,
        "dropoff": 1.0,
        "quality": 1.0,
        "scaleToSize": true
      }
    },
	{
      "type": "LIGHTNING",
      "opacity": 0.6,
      "scale": 0.5,
      "amount": 2,
      "segments": 6,
      "intensity": 1.0,
      "changeRate": 0.5,
      "bounds": null,
      "core": {
        "color": "0xFFFFFF",
        "additiveBlending": true
      },
      "bloom": {
        "strength": 0.5,
        "spread": 5.0,
        "dropoff": 1.0,
        "quality": 1.0,
        "scaleToSize": true
      }
    }
  ]
}
