{
  "aspects": [
    {
      "type": "LIGHTNING",
      "opacity": 0.6,
      "scale": 4.2,
      "amount": 2,
      "segments": {
        "min": 3,
        "spacing": 1.5
      },
      "intensity": 0.7,
      "changeRate": 0.5,
      "bounds": [0.7, 0.7],
      "core": {
        "color": "0xffffff",
        "additiveBlending": true
      },
      "bloom": {
        "strength": 0.5,
        "spread": 4.0,
        "dropoff": 1.0,
        "quality": 1.0,
        "scaleToSize": false
      }
    },
    {
      "type": "LIGHTNING",
      "opacity": 0.3,
      "scale": 3.9,
      "amount": 3,
      "segments": {
        "min": 3,
        "spacing": 2.5
      },
      "intensity": 2.0,
      "changeRate": 1.0,
      "bounds":  [1.7, 1.7],
      "core": {
        "color": "0xffffff",
        "additiveBlending": true
      },
      "bloom": {
        "strength": 0.5,
        "spread": 5.0,
        "dropoff": 1.5,
        "quality": 1.0,
        "scaleToSize": true
      }
    },
	{
      "type": "LIGHTNING",
      "opacity": 0.5,
      "scale": 1.5,
      "amount": 4,
      "segments": {
        "min": 3,
        "spacing": 1.5
      },
      "intensity": 2.0,
      "changeRate": 1.0,
      "bounds":  null,
      "core": {
        "color": "0xffffff",
        "additiveBlending": true
      },
      "bloom": {
        "strength": 0.5,
        "spread": 5.0,
        "dropoff": 1.5,
        "quality": 1.0,
        "scaleToSize": true
      }
    }
  ]
}

