{
  "aspects": [
    {
      "type": "LASER",
      "opacity": 0.5,
      "scale": 0.5,
      "spin": 10.0,
      "pulse": {
        "length": 1.0,
        "size": 0.25,
        "frequency": 0.5
      },
      "core": null,
      "bloom": {
        "strength": 0.7,
        "spread": 6.0,
        "dropoff": 3.0,
        "quality": 1.0,
        "scaleToSize": false
      }
    },
    {
      "type": "LIGHTNING",
      "opacity": 0.8,
      "scale": 0.25,
      "amount": 3,
      "segments": {
        "min": 1,
        "spacing": 2.0
      },
      "intensity": 0.05,
      "changeRate": 0.5,
      "bounds": [1.25, 1.25],
      "core": null,
      "bloom": {
        "strength": 0.5,
        "spread": 5.0,
        "dropoff": 2.0,
        "quality": 1.0,
        "scaleToSize": true
      }
    }
  ]
}
