{
  "aspects": [
    {
      "type": "LASER",
      "opacity": 0.4,
      "scale": 1.0,
      "spin": 10.0,
      "pulse": {
        "length": 1.0,
        "size": 0.25,
        "frequency": 0.5
      },
      "core": {
        "color": "0xFFFFFF",
        "additiveBlending": true
      },
      "bloom": {
        "strength": 1.0,
        "spread": 7.5,
        "dropoff": 1.5,
        "quality": 0.7,
        "scaleToSize": false
      }
    },
	{
      "type": "LASER",
      "opacity": 0.4,
      "scale": 1.0,
      "spin": 20.0,
      "pulse": {
        "length": 1.0,
        "size": 0.25,
        "frequency": 0.5
      },
      "core": {
        "color": "0xFFFFFF",
        "additiveBlending": true
      },
      "bloom": {
        "strength": 1.0,
        "spread": 7.5,
        "dropoff": 1.5,
        "quality": 0.7,
        "scaleToSize": false
      }
    }
  ]
}
