{
  "aspects": [
    {
      "type": "LASER",
      "opacity": 0.95,
      "scale": 0.45,
      "spin": 5.0,
      "pulse": {
        "length": 1.0,
        "size": 0.17,
        "frequency": 0.3
      },
      "core": null,
      "bloom": {
        "strength": 0.5,
        "spread": 1.5,
        "dropoff": 1.0,
        "quality": 2.0,
        "scaleToSize": false
      }
    },
    {
      "type": "LIGHTNING",
      "opacity": 0.85,
      "scale": 0.3,
      "amount": 10,
      "segments": {
        "min": 3,
        "spacing": 1.5
      },
      "intensity": 0.5,
      "changeRate": 0.7,
      "bounds": [0.75, 0.75],
      "core":  null,    

      "bloom": {
        "strength": 0.5,
        "spread": 5.0,
        "dropoff": 1.0,
        "quality": 2.0,
        "scaleToSize": true
      }
    }
  ]
}
