{
  "aspects": [
    {
      "type": "LASER",
      "opacity": 0.9,
      "scale": 0.8,
      "spin": 10.0,
      "pulse": {
        "length": 1.0,
        "size": 0.25,
        "frequency": 0.5
      },
      "core": {
        "color": "0xFFFFFF",
        "additiveBlending": true
      },
      "bloom": {
        "strength": 1.0,
        "spread": 7.5,
        "dropoff": 1.5,
        "quality": 2.0,
        "scaleToSize": false
      }
    },
    {
      "type": "LIGHTNING",
      "opacity": 0.8,
      "scale": 0.5,
      "amount": 3,
      "segments": {
        "min": 4,
        "spacing": 1.5
      },
      "intensity": 1.5,
      "changeRate": 0.5,
      "bounds": [1.5, 1.5],
      "core": null,
      "bloom": {
        "strength": 0.5,
        "spread": 5.0,
        "dropoff": 2.0,
        "quality": 2.0,
        "scaleToSize": true
      }
    }
  ]
}
