{
  "name": "Colt M1911",
  "permission": "USE_GUN",
  "holdingPose": "SINGLE",
  "cooldown": 6,
  "damageProfile": {
    "damage": 6.0,
    "types": {
      "BULLET": 1.0
    },
    "properties": {
      "HIT_COOLDOWN": 0,
      "REDUCE_KNOCKBACK": 0.75
    }
  },

  "ammo": {
    "amount": 7,
    "reloadTime": 30
  },
  "scope": {
    "zoom": 0.45
  },
  "spread": {
    "sprintingFactor": 1.5,
    "fallingFactor": 1.6,
    "scopingFactor": 0.8
  },
  "recoil": {
    "amount": 0.8,
    "cameraShake": 1.0
  },
  "projectiles": [
    {
      "type": "BEAM",
      "spread": 1.5,
      "speed": 15.0,
      "trail": 1
    }
  ],
  "soundEvents": {
    "SHOOT": "unconventional:m1911_shooting"
  }
}
