{
  "aspects": [
    {
      "type": "LASER",
      "opacity": 1.0,
      "scale": 1.25,
      "spin": 30.0,
      "pulse": {
        "length": 1.0,
        "size": 0.25,
        "frequency": 0.5
      },
      "core": {
        "color": "0xFFFFFF",
        "additiveBlending": true
      },
      "bloom": {
        "strength": 0.75,
        "spread": 5.0,
        "dropoff": 2.0,
        "quality": 1.0,
        "scaleToSize": true
      }
    },
    {
      "type": "LIGHTNING",
      "opacity": 0.4,
      "scale": 1.0,
      "amount": 10,
      "segments": {
        "min": 2,
        "spacing": 0.3
      },
      "intensity": 1.25,
      "changeRate": 1.0,
      "bounds": [0.5, 0.5],
      "core": {
        "color": "0xFFFFFF",
        "additiveBlending": true
	    },
      "bloom": {
        "strength": 1.0,
        "spread": 4.0,
        "dropoff": 2.0,
        "quality": 1.0,
        "scaleToSize": true
      }
    }
  ]
}