{
  "aspects": [
    {
      "type": "LASER",
      "opacity": 0.5,
      "scale": 0.8,
      "spin": 0.0,
      "pulse": null,
      "core": {
        "color": "0xFFFFFF",
        "additiveBlending": true
      },
      "bloom": {
        "strength": 0.75,
        "spread": 4.5,
        "dropoff": 2.0,
        "quality": 1.0,
        "scaleToSize": false
      }
    },
    {
      "type": "LIGHTNING",
      "opacity": 0.6,
      "scale": 0.4,
      "amount": 4,
      "segments": {
        "min": 2,
        "spacing": 0.7
      },
      "intensity": 1.25,
      "changeRate": 1.0,
      "bounds": [0.5, 0.5],
      "core": {
        "color": "0xFFFFFF",
        "additiveBlending": true
	    },
      "bloom": {
        "strength": 1.0,
        "spread": 4.0,
        "dropoff": 2.0,
        "quality": 1.0,
        "scaleToSize": true
      }
    }
  ]
}