{
  "aspects": [
    {
      "type": "LASER",
      "opacity": 0.6,
      "scale": 1.2,
      "spin": 0.0,
      "pulse": null,
      "core": {
        "color": "0xFFFFFF",
        "additiveBlending": true
      },
      "bloom": {
        "strength": 0.8,
        "spread": 3.0,
        "dropoff": 3.0,
        "quality": 1.0,
        "scaleToSize": false
      }
    },
    {
      "type": "LASER",
      "opacity": 0.6,
      "scale": 1.2,
      "spin": 200.0,
      "pulse": {
        "length": 0.4,
        "size": 5.5,
        "frequency": 0.65
      },
      "core": null,
      "bloom": {
        "strength": 0.8,
        "spread": 2.0,
        "dropoff": 3.0,
        "quality": 1.0,
        "scaleToSize": false
      }
    },
    {
      "type": "LIGHTNING",
      "opacity": 0.4,
      "scale": 1.8,
      "amount": 5,
      "segments": {
        "min": 8,
        "spacing": 2.5
      },
      "intensity": 0.5,
      "changeRate": 0.8,
      "bounds": [1.25, 1.25],
      "core": {
        "color": "0xA756FF",
        "additiveBlending": true
      },
      "bloom": {
        "strength": 1.0,
        "spread": 5.0,
        "dropoff": 2.0,
        "quality": 1.0,
        "scaleToSize": false
      }
    }
  ]
}