{
  "aspects": [
    {
      "type": "LASER",
      "opacity": 1.0,
      "scale": 1.0,
      "spin": 0.0,
      "pulse": null,
      "core": {
        "color": "0xFFFFFF",
        "additiveBlending": true
      },
      "bloom": {
        "strength": 0.75,
        "spread": 7.5,
        "dropoff": 2.0,
        "quality": 1.0,
        "scaleToSize": false
      }
    },
    {
      "type": "LASER",
      "opacity": 1.0,
      "scale": 1.125,
      "spin": 0.0,
      "pulse": null,
      "core": {
        "color": "0xA756FF",
        "additiveBlending": true
      },
      "bloom": null
    }
  ]
}