{
  "aspects": [
    {
      "type": "LIGHTNING",
      "opacity": 1.0,
      "scale": 0.3,
      "amount": 2,
      "segments": {
        "min": 5,
        "spacing": 3.0
      },
      "intensity": 1.4,
      "changeRate": 0.5,
      "bounds": [0.5, 0.25],
      "core": {
        "color": "0xFFFFFF",
        "additiveBlending": true
	  },
      "bloom": {
        "strength": 0.8,
        "spread": 4.0,
        "dropoff": 2.0,
        "quality": 1.0,
        "scaleToSize": false
      }
    },
    {
      "type": "LIGHTNING",
      "opacity": 1.0,
      "scale": 0.4,
      "amount": 1,
      "segments": {
        "min": 2,
        "spacing": 3.0
      },
      "intensity": 1.4,
      "changeRate": 0.5,
      "bounds": [1.5, 0.25],
      "core": null,
      "bloom": {
        "strength": 1.0,
        "spread": 4.0,
        "dropoff": 2.0,
        "quality": 1.0,
        "scaleToSize": false
      }
    },
    {
      "type": "LIGHTNING",
      "opacity": 1.0,
      "scale": 0.15,
      "amount": 2,
      "segments": {
        "min": 8,
        "spacing": 2.0
      },
      "intensity": 3.0,
      "changeRate": 0.8,
      "bounds": [1.25, 0.45],
      "core": {
        "color": "0xFFFFFF",
        "additiveBlending": true
	  },
      "bloom": {
        "strength": 0.8,
        "spread": 3.0,
        "dropoff": 2.0,
        "quality": 1.0,
        "scaleToSize": false
      }
    }
  ]
}