{
  "aspects": [
    {
      "type": "LIGHTNING",
      "opacity": 0.5,
      "scale": 0.5,
      "amount": 4,
      "segments": {
        "min": 10,
        "spacing": 4.0
      },
      "intensity": 1.4,
      "changeRate": 0.6,
      "bounds": [4.5, 0.5],
      "core": {
        "color": "0xF0FFF9",
        "additiveBlending": false
	  },
      "bloom": {
        "strength": 1.0,
        "spread": 4.0,
        "dropoff": 2.0,
        "quality": 1.0,
        "scaleToSize": false
      }
    },
    {
      "type": "LIGHTNING",
      "opacity": 1.0,
      "scale": 0.2,
      "amount": 6,
      "segments": {
        "min": 10,
        "spacing": 3.0
      },
      "intensity": 3.0,
      "changeRate": 0.6,
      "bounds": [9.0, 1.0],
      "core": {
        "color": "0xF0FFF9",
        "additiveBlending": false
	  },
      "bloom": {
        "strength": 0.5,
        "spread": 3.0,
        "dropoff": 2.0,
        "quality": 1.0,
        "scaleToSize": false
      }
    }
  ]
}