{
  "aspects": [
    {
      "type": "LIGHTNING",
      "opacity": 1.0,
      "scale": 1.0,
      "amount": 1,
      "segments": 3,
      "intensity": 1.0,
      "changeRate": 0.5,
      "bounds": [0.8, 0.8],
      "core": {
        "color": "0xFFFFFF",
        "additiveBlending": true
      },
      "bloom": {
        "strength": 0.25,
        "spread": 5.0,
        "dropoff": 1.0,
        "quality": 1.0,
        "scaleToSize": false
      }
    },
    {
      "type": "LIGHTNING",
      "opacity": 0.5,
      "scale": 2.0,
      "amount": 4,
      "segments": 6,
      "intensity": 1.0,
      "changeRate": 0.5,
      "bounds": [0.6, 0.6],
      "core": null,
      "bloom": {
        "strength": 0.4,
        "spread": 8.0,
        "dropoff": 1.0,
        "quality": 1.0,
        "scaleToSize": false
      }
    }
  ]
}