{
  "aspects": [
    {
      "type": "LASER",
      "opacity": {
        "start": 0.0,
        "end": 0.5
      },
      "scale": 1.5,
      "spin": 0.0,
      "pulse": {
        "length": 2.0,
        "size": 0.55,
        "frequency": 0.5
      },
      "core": {
        "color": "0x00BA00",
        "additiveBlending": true
      },
      "bloom": null
    },
	{
      "type": "LASER",
      "opacity": {
        "start": 0.2,
        "end": 0.7
      },
      "scale": 1.8,
      "spin": 3.0,
      "pulse": {
        "length": 0.6,
        "size": 0.6,
        "frequency": 0.5
      },
      "core": null,
      "bloom": {
        "strength": 1.0,
        "spread": 2.0,
        "dropoff": 3.0,
        "quality": 1.0,
        "scaleToSize": false
      }
    }
  ]
}
