{
  "aspects": [
    {
      "type": "LASER",
      "opacity": 0.8,
      "scale": 1.0,
      "spin": 0.0,
      "pulse": null,
      "core": null,
      "bloom": {
        "strength": 0.75,
        "spread": 2.0,
        "dropoff": 2.0,
        "quality": 1.0,
        "scaleToSize": false
      }
    },
    {
      "type": "LIGHTNING",
      "opacity": 0.4,
      "scale": 0.5,
      "amount": 15,
      "segments": 10,
      "intensity": 1.0,
      "changeRate": 1.0,
      "bounds": [0.6, 0.5],
      "core": null,
      "bloom": {
        "strength": 0.5,
        "spread": 2.0,
        "dropoff": 1.0,
        "quality": 1.0,
        "scaleToSize": false
      }
    }
  ]
}