{
  "aspects": [
    {
      "type": "LASER",
      "opacity": 0.6,
      "scale": 0.8,
      "spin": 0.0,
      "pulse": {
        "length": 1.0,
        "size": 0.3,
        "frequency": 0.5
      },
      "core": {
        "color": "0xFFFFFF",
        "additiveBlending": true
	    },
      "bloom": {
        "strength": 1.0,
        "spread": 5.0,
        "dropoff": 3.0,
        "quality": 1.0,
        "scaleToSize": false
      }
    },
    {
      "type": "LIGHTNING",
      "opacity": 0.6,
      "scale": 0.5,
      "amount": 5,
      "segments": {
        "min": 2,
        "spacing": 0.1
      },
      "intensity": 1.5,
      "changeRate": 1.0,
      "bounds": [0.5, 0.5],
      "core": {
        "color": "0xFFFFFF",
        "additiveBlending": true
	    },
      "bloom": {
        "strength": 1.0,
        "spread": 4.0,
        "dropoff": 2.0,
        "quality": 1.0,
        "scaleToSize": true
      }
    }
  ]
}
