{
  "aspects": [
    {
      "type": "LASER",
      "opacity": 1.0,
      "scale": 1.0,
      "spin": 0.0,
      "pulse": {
        "length": 0.3,
        "size": 0.4,
        "frequency": 0.5
      },
      "core": null,
      "bloom": {
        "strength": 1.0,
        "spread": 1.0,
        "dropoff": 3.0,
        "quality": 1.0,
        "scaleToSize": false
      }
    },
    {
      "type": "LASER",
      "opacity": 0.75,
      "scale": 0.85,
      "spin": 0.0,
      "pulse": {
        "length": 0.2,
        "size": 0.5,
        "frequency": 0.5
      },
      "core": {
        "color": "0xFFFFFF",
        "additiveBlending": true
      },
      "bloom": null
    }
  ]
}