{
  "aspects": [
    {
      "type": "LASER",
      "opacity": {
        "start": 0.0,
        "end": 1.0
      },
      "scale": 1.0,
      "spin": 0.0,
      "pulse": {
        "length": 1.0,
        "size": 0.25,
        "frequency": 0.5
      },
      "core": {
        "color": "0xFFFFFF",
        "additiveBlending": true
      },
      "bloom": {
        "strength": 0.75,
        "spread": 4.0,
        "dropoff": 3.0,
        "quality": 1.0,
        "scaleToSize": false
      }
    }
  ]
}
