{
  "dataFormat": "LINES",
  "shapes": [
    {
      "data": [
        0.1, -3.0, -4.8,
        -1.5, -2.5, -4.5,
        -5.0, 0.75, -4.0,
        -4.0, -2.5, -4.5,
        -4.9, -3.25, -3.5,
        -4.2, -3.5, -4.5,
        -3.25, -4.0, -4.5,
        -5.75, -9.0, -3.8,
        -1.5, -5.25, -4.5,
        -1.25, -5.5, -4.5,
        0.0, -12.0, -4.0
      ],
      "size":  [ 5.0, 5.0 ]
    },
    { 
      "data": [
        -0.1, -3.0, -4.8,
        1.5, -2.5, -4.5,
        5.0, 0.75, -4.0,
        4.0, -2.5, -4.5,
        4.9, -3.25, -3.5,
        4.2, -3.5, -4.5,
        3.25, -4.0, -4.5,
        5.75, -9.0, -3.8,
        1.5, -5.25, -4.5,
        1.25, -5.5, -4.5,
        0.0, -12.0, -4.0
      ],
      "size":  [ 5.0, 5.0 ]
    },
    {
      "data": [
        0.0, -11.5, -4.0,
        0.0, -3.0, -4.8
      ],
      "size": [ 2.5, 2.5 ]
    },
    {
      "data": [
        0.1, -11.5, -4.0,
        -0.35, -4.75, -5.0,
        -2.0, -5.5, -5.0
      ],
      "size": [ 2.5, 2.5 ]
    },
    {
      "data": [
        -0.1, -11.5, -4.0,
        0.35, -4.75, -5.0,
        2.0, -5.5, -5.0
      ],
      "size": [ 2.5, 2.5 ]
    },
    {
      "data": [
        -5.75, -9.0, -3.8,
        -2.5, -4.5, -5.0,
        -1.75, -5.5, -5.0
      ],
      "size": [ 2.5, 2.5 ]
    },
    {
      "data": [
        5.75, -9.0, -3.8,
        2.5, -4.5, -5.0,
        1.75, -5.5, -5.0
      ],
      "size": [ 2.5, 2.5 ]
    },
    {
      "data": [
        -5.0, 0.75, -4.0,
        -3.0, -2.75, -4.5,
        -0.1, -3.0, -4.8
      ],
      "size": [ 2.5, 2.5 ]
    },
    {
      "data": [
        5.0, 0.75, -4.0,
        3.0, -2.75, -4.5,
        0.1, -3.0, -4.8
      ],
      "size": [ 2.5, 2.5 ]
    },
    {
      "data": [
        -3.0, -2.75, -4.5,
        -3.25, -4.0, -4.5
      ],
      "size": [ 2.5, 2.5 ]
    },
    {
      "data": [
        3.0, -2.75, -4.5,
        3.25, -4.0, -4.5
      ],
      "size": [ 2.5, 2.5 ]
    }
  ]
}
