{
  "dataFormat": "LINES",
  "shapes": [
    {
      "data": [
        -1.0, 1.0, -2.65,
        1.2, 5.5, -2.65
      ],
      "size":  [ 12.0, 12.0 ]
    },
    {
      "data": [
        -1.0, 1.0, -2.65,
        -0.5, 8.0, -2.65
      ],
      "size":  [ 7.5, 7.5 ]
    },
    {
      "data": [
        1.2, 5.5, -2.65,
        -0.5, 8.0, -2.65
      ],
      "size":  [ 9.0, 9.0 ]
    },
    {
      "data": [
        -0.5, 8.0, -2.65,
        2.0, 10.0, -2.5
      ],
      "size":  [ 8.0, 8.0 ]
    },


    {
      "data": [
        -1.0, 1.0, -2.65,
        2.5, 3.0, -2.65
      ],
      "size":  [ 10.0, 10.0 ]
    },
    {
      "data": [
        2.5, 3.0, -2.65,
        2.0, 10.0, 2.5
      ],
      "size":  [ 12.0, 12.0 ]
    },

    {
      "data": [
        -1.0, 1.0, 2.65,
        2.5, 3.0, 2.65
      ],
      "size":  [ 10.0, 10.0 ]
    },
    {
      "data": [
        2.0, 10.0, -2.5,
        2.5, 3.0, 2.65
      ],
      "size":  [ 8.0, 8.0 ]
    },

    
    {
      "data": [
        -1.0, 1.0, 2.65,
        1.2, 5.5, 2.65
      ],
      "size":  [ 12.0, 12.0 ]
    },
    {
      "data": [
        -1.0, 1.0, 2.65,
        -0.5, 8.0, 2.65
      ],
      "size":  [ 7.5, 7.5 ]
    },
    {
      "data": [
        1.2, 5.5, 2.65,
        -0.5, 8.0, 2.65
      ],
      "size":  [ 9.0, 9.0 ]
    },
    {
      "data": [
        -0.5, 8.0, 2.65,
        2.0, 10.0, 2.5
      ],
      "size":  [ 8.0, 8.0 ]
    }
  ]
}
