{
  "name": "Batsuit (Cyberpunk)",
  "modifiers": {
	"fiskheroes:cooldown": {
	  "cooldown": {
		"toggleData": "fiskheroes:gravity_manip",
		"cooldownData": "pwt:dyn/cooldown_6",
		"duration": 300,
		"recovery": 1.0
	  }
	},
    "fiskheroes:equipment": {
      "equipment": {
        "fiskheroes:batarang": {
          "cooldown": 13,
          "uses": 3,
          "damageProfile": {
            "damage": 8.0,
            "types": {
              "SHURIKEN": 1.0
            },
            "properties": {
              "DAMAGE_DROPOFF": 0.6,
              "HIT_COOLDOWN": 0
            }
          }
        },
        "fiskheroes:grenade": {
          "cooldown": 100,
          "uses": 1,
          "damageProfile": {
            "damage": 1.0,
            "types": {
              "EXPLOSION": 1.0
            },
			 "properties": {
			  "REDUCE_KNOCKBACK": 1.5,
              "EFFECTS": [
				{
					"id": "fiskheroes:flashbang",
					"duration": 140,
					"amplifier": 2,
					"chance": 1.0
				},
				{
					"id": "minecraft:nausea",
					"duration": 130,
					"amplifier": 2,
					"chance": 1.0
				},
				{
					"id": "minecraft:slowness",
					"duration": 100,
					"amplifier": 2,
					"chance": 1.0
				}
				]
            }
          },
          "isInstant": true,
          "affectsUser": true,
          "fuseTime": 30,
          "radius": 8.0
        },
        "fiskheroes:smoke_pellet": {
          "cooldown": 200,
          "uses": 2
        }
      },
      "soundEvents": {
        "SWITCH": "fiskheroes:utility_belt_switch"
      }
    },
	"fiskheroes:gravity_manipulation": {
      "affectsUser": true,
      "minGravity": 0.4,
      "maxGravity": 1.0,
      "range": 0.0,
      "radius": 1.0,
      "soundEvents": {
        "SWITCH": "fiskheroes:gravity_manip_switch",
        "WAVE": "fiskheroes:gravity_manip_wave"
      }
    },
	"fiskheroes:water_breathing": {
    },
	"fiskheroes:fire_resistance": {
      "duration": 60
    },
    "fiskheroes:damage_resistance": {
      "damageType": "BULLET",
      "factor": 0.9
    },
	"fiskheroes:damage_weakness": {
      "damageType": "ELECTRICITY",
      "factor": 0.25
    }
  },
  "hud": [
	{
      "type": "PROGRESS",
      "texture": "pwt:textures/gui/bars/blue.png",
      "data": "pwt:dyn/cooldown_6"
    }
   ]
}
