{
  "name": "Sukuna's Cursed Technique",
  "modifiers": {
	
	"fiskheroes:cooldown|air_dash_cooldown": {
      "cooldown": {
        "toggleData": "entity.getData('fiskheroes:flying') && !entity.getData('pwt:dyn/float')",
        "cooldownData": "pwt:dyn/dash_cooldown",
        "duration": 3,
        "recovery": 0.1
      },
      "soundEvents": {
      }
    },
	"fiskheroes:transformation|hiten_float": {
	  "transformation": {
		"toggleData": "pwt:dyn/float",
		"timerData": "pwt:dyn/float_timer",
		"time": 7
	  },
	  "soundEvents": {
	  }
	},
	"fiskheroes:cooldown|hiten_float_cooldown": {
      "cooldown": {
        "toggleData": "pwt:dyn/float",
        "cooldownData": "pwt:dyn/float_cooldown",
        "duration": 70,
        "recovery": 0.85
      },
      "soundEvents": {
      }
    },
   "fiskheroes:controlled_flight|flight_dash": {
      "speed": 0.1,
      "boostSpeed": 1.5,
      "canBoost": false,
      "collision": {
        "blocks": {
          "stopFlying": true,
          "takeDamage": false
        },
        "entities": {
          "stopFlying": false,
          "dealDamage": true
        }
      },
      "knockback": 0.4,
      "soundEvents": {
        "ENABLE": ["fiskheroes:flight_loop", "fiskheroes:flight_cape_loop"],
        "BOOST": "fiskheroes:flight_boost",
        "IMPACT_ENTITY": "fiskheroes:flight_impact_entity"
      }
    },
  "fiskheroes:controlled_flight|flight_float": {
      "speed": 0.1,
      "boostSpeed": 0.12,
      "canBoost": false,
      "collision": {
        "blocks": {
          "stopFlying": true,
          "takeDamage": false
        },
        "entities": {
          "stopFlying": false,
          "dealDamage": true
        }
      },
      "knockback": 0.4,
      "soundEvents": {
        "ENABLE": ["pwt:anime_hiten_flight_enable", "pwt:anime_hiten_flight_loop"]
      }
    },
	"fiskheroes:teleportation": {
      "canReachMoon": false,
      "range": 100.0,
      "soundEvents": {
        "TELEPORT": ["pwt:trickster_teleport", "pwt:trickster_teleport_ambient"]
      }
    },
	"fiskheroes:invisibility": {
    },
	"fiskheroes:charged_beam": {
	  "canDoGriefing": false,
      "damageProfile": {
        "damage": 12.5,
        "types": {
          "SHARP": 1.0
        },
        "properties": {
		  "ADD_KNOCKBACK": 2.0
        }
      },
      "chargeTime": 4,
      "duration": 5,
      "cooldownTime": 9,
      "range": 100.0,
      "radius": 2.0,
      "soundEvents": {
	"BEAM_AMBIENT": ["pwt:anime_slash_arm", "pwt:anime_slash_crash", "pwt:anime_slash_sword"]

      }
    },
	"fiskheroes:transformation|cleave": {
	  "isToggle": false,
	  "key" : "CLEAVE",
	  "transformation": {
		"toggleData": "pwt:dyn/cleave",
		"timerData": "pwt:dyn/cleave_timer",
		"time": 14
	  },
	  "soundEvents": {
	  }
	},
	"fiskheroes:cooldown|cleave_cooldown": {
      "cooldown": {
        "toggleData": "pwt:dyn/cleave",
        "cooldownData": "pwt:dyn/cleave_cooldown",
        "duration": 150,
        "recovery": 0.7
      },
      "soundEvents": {
      }
    },
	"fiskheroes:heat_vision|cleave_beam": {
	  "isToggle": false,
	  "canDoGriefing": false,
	  "range": 30,
		"damageProfile": {
			"damage": 5,
			"types": {
			   "SHARP": 1.0
			},
			"properties": {
			  "REDUCE_KNOCKBACK": 0.5,
			  "HIT_COOLDOWN": 4
			}
		},
	  "radius": 5,
	  "soundEvents": {
		"BEAM_AMBIENT": ["pwt:anime_slash_arm", "pwt:anime_slash_sword"]
	   }
	},
	"fiskheroes:transformation|dismantle_max_output": {
	  "isToggle": true,
	  "key" : "CHANT",
	  "transformation": {
		"toggleData": "pwt:dyn/chant",
		"timerData": "pwt:dyn/chant_timer",
		"time": 10
	  },
	  "soundEvents": {
		"ENABLE": "pwt:anime_sukuna_chant"
	  }
	},
	"fiskheroes:cooldown|dismantle_max_output_cooldown": {
      "cooldown": {
        "toggleData": "pwt:dyn/chant",
        "cooldownData": "pwt:dyn/chant_cooldown",
        "duration": 280,
        "recovery": 100.0
      },
      "soundEvents": {
      }
    },
	"fiskheroes:transformation|dismantle_max_output_attack": {
	  "isToggle": true,
	  "key" : "DISMANTLE_MAX",
	  "transformation": {
		"toggleData": "pwt:dyn/dismantle_max",
		"timerData": "pwt:dyn/dismantle_max_timer",
		"time": 7
	  },
	  "soundEvents": {
	  }
	},
	"fiskheroes:cooldown|dismantle_max_output_attack_cooldown": {
      "cooldown": {
        "toggleData": "pwt:dyn/dismantle_max",
        "cooldownData": "pwt:dyn/dismantle_max_cooldown",
        "duration": 6,
        "recovery": 0.5
      },
      "soundEvents": {
      }
    },
	"fiskheroes:heat_vision|dismantle_max_output_beam": {
	  "isToggle": false,
	  "canDoGriefing": false,
	  "range": 150,
		"damageProfile": {
			"damage": 115,
			"types": {
			   "SHARP": 1.0
			},
			"properties": {
			  "ADD_KNOCKBACK": 5
			}
		},
	  "radius": 5,
	  "soundEvents": {
		"BEAM_AMBIENT": ["pwt:anime_slash_arm", "pwt:anime_slash_crash", "pwt:anime_slash_sword", "pwt:anime_slash_thunder", "pwt:anime_slash_dragon"]
	   }
	},
"fiskheroes:transformation|kamutoke_attack": {
	  "isToggle": false,
	  "key" : "KAMUTOKE",
	  "transformation": {
		"toggleData": "pwt:dyn/kamutoke",
		"timerData": "pwt:dyn/kamutoke_timer",
		"time": 15
	  },
	  "soundEvents": {
	  }
	},
	"fiskheroes:cooldown|kamutoke_cooldown": {
      "cooldown": {
        "toggleData": "pwt:dyn/kamutoke",
        "cooldownData": "pwt:dyn/kamutoke_cooldown",
        "duration": 30,
        "recovery": 0.5
      },
      "soundEvents": {
      }
    },
	"fiskheroes:heat_vision|kamutoke_beam": {
	  "isToggle": true,
	  "canDoGriefing": false,
	  "range": 150,
		"damageProfile": {
			"damage": 12,
			"types": {
			   "ELECTRICITY": 1.0
			},
			"properties": {
			   "LIGHTNING_STRIKE": 0.3,
			   "COOK_ENTITY": true,
			   "IGNITE": 4,
			   "HIT_COOLDOWN" : 5
			}
		},
	  "radius": 1.0,
	  "soundEvents": {
		"BEAM_AMBIENT": ["pwt:anime_kamutoke_thunderclap"]
	   }
	},
	"fiskheroes:energy_manipulation": {
      "damageProfile": {
        "damage": 20.0,
        "types": {
          "ENERGY": 1.0
        },
        "properties": {
          "ADD_KNOCKBACK": 0.1
        }
      },
      "chargeTime": 8,
      "range": 0.0,
	"soundEvents": {
        "CHARGE": ["pwt:jjk_fire_hand_loop", "pwt:jjk_fire_hand_start"]
      }

    },
	"fiskheroes:energy_projection": {
	  "isToggle": false,
	  "canDoGriefing": false,
      "damageProfile": {
        "damage": 9,
        "types": {
          "SHARP": 1.0
        },
        "properties": {
		  "HIT_COOLDOWN": 100
        }
      },
      "range": 4.5,
      "radius": 3,
      "soundEvents": {
		"SHOOT": ["pwt:anime_slash_arm", "pwt:anime_slash_sword"]
      }
    },
	"fiskheroes:leaping": {
      "leapAmount": [1.55, 0.1]
    },
	"fiskheroes:arrow_catching": {
    },
	"fiskheroes:potion_immunity": {
      "potionEffects": ["minecraft:nausea", "minecraft:poison", "minecraft:wither"]
    },
    "fiskheroes:fire_resistance": {
      "duration": 120
    },
    "fiskheroes:damage_resistance|fire": {
      "damageType": "FIRE",
      "factor": 0.8
    },
	"fiskheroes:healing_factor": {
      "delay": 100,
      "soundEvents": {
        "HEAL": "fiskheroes:healing_factor"
      }
    },
	"fiskheroes:slow_motion": {
	  "isToggle": true
    }
  },
  "hud": [
	{
      "type": "PROGRESS",
      "texture": "pwt:textures/gui/bars/slm_jetpack_bar.png",
      "data": "pwt:dyn/dash_cooldown"
    },
	{
      "type": "PROGRESS",
      "texture": "pwt:textures/gui/bars/slm_jetpack_bar.png",
      "data": "pwt:dyn/float_cooldown"
    },
	{
      "type": "CIRCLE",
      "color": "fiskheroes:charged_beam",
      "data": "entity.getData('pwt:dyn/cleave') ? 1.7*entity.getInterpolatedData('pwt:dyn/cleave_timer') : entity.getData('pwt:dyn/cleave_cooldown')"
    },
{
      "type": "CIRCLE",
      "color": "0x6e6ce7",
      "data": "entity.getData('pwt:dyn/kamutoke') ? 1.5*entity.getInterpolatedData('pwt:dyn/kamutoke_timer') : entity.getData('pwt:dyn/kamutoke_cooldown')"
    },

	{
      "type": "CIRCLE",
      "color": "fiskheroes:charged_beam",
      "data": "entity.getData('pwt:dyn/chant') ? entity.getInterpolatedData('pwt:dyn/max_output') : entity.getInterpolatedData('pwt:dyn/chant_timer') "
    },

	{
      "type": "PROGRESS",
      "texture": "pwt:textures/gui/bars/rage_bar.png",
      "data": "pwt:dyn/charge"
    }
  ]
}
