{
  "name": "Sukuna's Cursed Technique",
  "modifiers": {
	"fiskheroes:cooldown|air_dash_cooldown": {
      "cooldown": {
        "toggleData": "entity.getData('fiskheroes:flying')",
        "cooldownData": "pwt:dyn/dash_cooldown",
        "duration": 3,
        "recovery": 0.1
      },
      "soundEvents": {
      }
    },
   "fiskheroes:controlled_flight": {
      "speed": 0.1,
      "boostSpeed": 1.5,
      "canBoost": false,
      "collision": {
        "blocks": {
          "stopFlying": true,
          "takeDamage": false
        },
        "entities": {
          "stopFlying": false,
          "dealDamage": true
        }
      },
      "knockback": 0.4,
      "soundEvents": {
        "ENABLE": ["fiskheroes:flight_loop", "fiskheroes:flight_cape_loop"],
        "BOOST": "fiskheroes:flight_boost",
        "IMPACT_ENTITY": "fiskheroes:flight_impact_entity"
      }
    },
	"fiskheroes:teleportation": {
      "canReachMoon": false,
      "range": 80.0,
      "soundEvents": {
        "TELEPORT": ["pwt:trickster_teleport", "pwt:trickster_teleport_ambient"]
      }
    },
	"fiskheroes:invisibility": {
    },
	"fiskheroes:charged_beam": {
	  "canDoGriefing": false,
      "damageProfile": {
        "damage": 9,
        "types": {
          "SHARP": 1.0
        },
        "properties": {
		  "ADD_KNOCKBACK": 2.0,
		  "HIT_COOLDOWN": 100
        }
      },
      "chargeTime": 4,
      "duration": 5,
      "cooldownTime": 13,
      "range": 70.0,
      "radius": 2.0,
      "soundEvents": {
		"BEAM_AMBIENT": ["pwt:anime_slash_arm", "pwt:anime_slash_crash", "pwt:anime_slash_sword"]
      }
    },
	"fiskheroes:transformation|cleave": {
	  "isToggle": false,
	  "key" : "CLEAVE",
	  "transformation": {
		"toggleData": "pwt:dyn/cleave",
		"timerData": "pwt:dyn/cleave_timer",
		"time": 14
	  },
	  "soundEvents": {
	  }
	},
	"fiskheroes:cooldown|cleave_cooldown": {
      "cooldown": {
        "toggleData": "pwt:dyn/cleave",
        "cooldownData": "pwt:dyn/cleave_cooldown",
        "duration": 50,
        "recovery": 0.5
      },
      "soundEvents": {
      }
    },
	"fiskheroes:heat_vision|cleave_beam_1": {
	  "isToggle": false,
	  "canDoGriefing": false,
	  "range": 30,
		"damageProfile": {
			"damage": 3,
			"types": {
			   "SHARP": 1.0
			},
			"properties": {
			  "REDUCE_KNOCKBACK": 0.5,
			  "HIT_COOLDOWN": 4
			}
		},
	  "radius": 5,
	  "soundEvents": {
		"BEAM_AMBIENT": ["pwt:anime_slash_arm", "pwt:anime_slash_sword"]
	   }
	   
	},
	"fiskheroes:energy_manipulation": {
      "damageProfile": {
        "damage": 12.0,
        "types": {
          "ENERGY": 1.0
        },
        "properties": {
          "ADD_KNOCKBACK": 0.1
        }
      },
      "chargeTime": 15,
      "range": 0.0,
	"soundEvents": {
        "CHARGE": ["pwt:jjk_fire_hand_loop", "pwt:jjk_fire_hand_start"]
      }

    },

	"fiskheroes:energy_projection": {
	  "isToggle": false,
	  "canDoGriefing": false,
      "damageProfile": {
        "damage": 7.0,
        "types": {
          "SHARP": 1.0
        },
        "properties": {
		  "HIT_COOLDOWN": 100
        }
      },
      "range": 4.5,
      "radius": 3,
      "soundEvents": {
		"SHOOT": ["pwt:anime_slash_arm", "pwt:anime_slash_sword"]
      }

    },
	"fiskheroes:leaping": {
      "leapAmount": [1.55, 0.1]
    },
	"fiskheroes:arrow_catching": {
    },
	"fiskheroes:potion_immunity": {
      "potionEffects": ["minecraft:nausea", "minecraft:poison", "minecraft:wither"]
    },
    "fiskheroes:fire_resistance": {
      "duration": 80
    },
    "fiskheroes:damage_resistance|fire": {
      "damageType": "FIRE",
      "factor": 0.5
    },
	"fiskheroes:healing_factor": {
      "delay": 160,
      "soundEvents": {
        "HEAL": "fiskheroes:healing_factor"
      }
    },
	"fiskheroes:slow_motion": {
	  "isToggle": true
    }
  },
  "hud": [
	{
      "type": "PROGRESS",
      "texture": "pwt:textures/gui/bars/slm_jetpack_bar.png",
      "data": "pwt:dyn/dash_cooldown"
    },
	{
      "type": "CIRCLE",
      "color": "fiskheroes:charged_beam",
      "data": "entity.getData('pwt:dyn/cleave') ? 1.7*entity.getInterpolatedData('pwt:dyn/cleave_timer') : entity.getData('pwt:dyn/cleave_cooldown')"
    }
  ]
}
