{
  "name": "Ghost Physiology",
  "modifiers": {
   "fiskheroes:transformation": {
      "key": "HIDE",
      "transformation": {
        "toggleData": "pwt:dyn/powered",
        "timerData": "pwt:dyn/power_timer",
        "time": 10
      }
    },
    "fiskheroes:cooldown": {
      "cooldown": {
        "toggleData": "pwt:dyn/powered",
        "cooldownData": "pwt:dyn/power_cooldown",
        "duration": -1,
        "recovery": 1.0
      }
    },
   "fiskheroes:controlled_flight": {
      "speed": 0.07,
      "boostSpeed": 0.1,
      "canBoost": false,
      "soundEvents": {
        "ENABLE": "fiskheroes:flight_loop",
        "BOOST": "fiskheroes:flight_boost"
      }
    },
	"fiskheroes:intangibility": {
      "isAbsolute": true
    },
	"fiskheroes:invisibility": {
    }
  },
  "hud": [
	{
      "type": "PROGRESS",
      "texture": "pwt:textures/gui/bars/slm_jetpack_bar.png",
      "data": "pwt:dyn/leap_cooldown"
    }
  ]
}
