{
  "name": "Robin Suit (Cyberpunk)",
  "modifiers": {
    "fiskheroes:transformation|gauntlet": {
      "key": "GAUNTLET",
      "transformation": {
        "toggleData": "pwt:dyn/web_shooters",
        "timerData": "pwt:dyn/web_shooters_timer",
        "time": 13
      },
	  "soundEvents": {
		"ENABLE": "fiskheroes:utility_belt_switch",
		"DISABLE": "fiskheroes:utility_belt_switch"
	  }
    },
    "fiskheroes:cooldown|gauntlet_cooldown": {
      "cooldown": {
        "toggleData": "pwt:dyn/web_shooters",
        "cooldownData": "pwt:dyn/web_shooters_cooldown",
        "duration": -1,
        "recovery": 1
      }
    },
    "fiskheroes:web_swinging": {
	  "isToggle": false,
      "cooldownTime": 60,
      "soundEvents": {
        "ENABLE": "fiskheroes:web_swinging_enable",
        "DISABLE": "fiskheroes:web_swinging_disable",
        "SHOOT": "pwt:web_shoot_grappling",
        "RELEASE": "fiskheroes:web_swinging_whoosh",
        "SWING": ["fiskheroes:web_swinging", "fiskheroes:web_stress_loop"]
      }
    },
	"fiskheroes:equipment": {
      "equipment": {
        "fiskheroes:throwing_star": {
          "cooldown": 30,
          "uses": 3,
          "damageProfile": {
            "damage": 6.0,
            "types": {
              "SHURIKEN": 1.0
            },
            "properties": {
              "DAMAGE_DROPOFF": 0.6,
              "HIT_COOLDOWN": 0,
			  "EFFECTS": [
				{
					"id": "minecraft:poison",
					"duration": 60,
					"amplifier": 1,
					"chance": 0.3
				}
				]
            }
          }
        },
        "fiskheroes:grenade": {
          "cooldown": 200,
          "uses": 1,
          "damageProfile": {
            "damage": 1.0,
            "types": {
              "EXPLOSION": 1.0
            },
			 "properties": {
			  "REDUCE_KNOCKBACK": 0.5,
              "EFFECTS": [
				{
					"id": "fiskheroes:flashbang",
					"duration": 30,
					"amplifier": 2,
					"chance": 1.0
				},
				{
					"id": "minecraft:blindness",
					"duration": 30,
					"amplifier": 10,
					"chance": 1.0
				},
				{
					"id": "minecraft:slowness",
					"duration": 140,
					"amplifier": 3,
					"chance": 1.0
				}
				]
            }
          },
          "isInstant": false,
          "affectsUser": true,
          "fuseTime": 20,
          "radius": 8.0
        },
        "fiskheroes:smoke_pellet": {
          "cooldown": 200,
          "uses": 2
        }
      },
      "soundEvents": {
        "SWITCH": "fiskheroes:utility_belt_switch"
      }
    },
	"fiskheroes:equipment|gauntlet_equipment": {
      "equipment": {
        "fiskheroes:impact_web": {
          "cooldown": 20,
          "uses": 5,
          "damageProfile": {
            "damage": 3.0,
            "types": {
              "BLUNT": 0.3,
			  "ELECTRICITY": 0.7
            },
            "properties": {
              "DAMAGE_DROPOFF": 0.4,
              "HIT_COOLDOWN": 0,
			  "EFFECTS": [
				{
					"id": "fiskheroes:tutridium",
					"duration": 30,
					"amplifier": 1,
					"chance": 0.1
				},
				{
					"id": "fiskheroes:disable_speed",
					"duration": 20,
					"amplifier": 1,
					"chance": 0.1
				}
				]
            }
          },
          "soundEvents": {
            "USE": "fiskheroes:web_shoot_ps4"
          }
        },
        "fiskheroes:rapid_webs": {
          "cooldown": 50,
          "uses": 1,
          "quantity": 6,
          "damageProfile": {
            "damage": 2.0,
            "types": {
              "BLUNT": 0.3,
			  "ELECTRICITY": 0.7
            },
            "properties": {
              "REDUCE_KNOCKBACK": 0.5,
              "DAMAGE_DROPOFF": 0.2,
              "HIT_COOLDOWN": 0,
			  "EFFECTS": [
				{
					"id": "fiskheroes:tutridium",
					"duration": 30,
					"amplifier": 1,
					"chance": 0.1
				},
				{
					"id": "fiskheroes:disable_speed",
					"duration": 20,
					"amplifier": 1,
					"chance": 0.1
				}
				]
            }
          },
          "soundEvents": {
            "SHOOT": "fiskheroes:web_shoot_ps4"
          }
        }
      },
      "soundEvents": {
        "SWITCH": "fiskheroes:web_switch"
      }
    },
	"fiskheroes:fire_resistance": {
      "duration": 60
    },
	"fiskheroes:damage_resistance": {
      "damageType": "BULLET",
      "factor": 0.7
    },
	"fiskheroes:damage_weakness": {
      "damageType": "ELECTRICITY",
      "factor": 0.05
    }
  },
  "hud": [
	
  ]
}
