{
  "name": "Carnage Symbiote",
  "modifiers": {
  
  "fiskheroes:size_manipulation|small": {
      "isInstant": true,
      "minSize": 1.0,
      "maxSize": 1.0,
	  "soundEvents": {
        "SHRINK": "pwt:carnage_suit_disable",
        "GROW": "pwt:carnage_suit_enable"
      }
    },	  
  "fiskheroes:size_manipulation|giant": {
      "isInstant": true,
      "minSize": 1.0,
      "maxSize": 1.5,
	  "soundEvents": {
        "SHRINK": "pwt:carnage_suit_disable",
        "GROW": "pwt:carnage_suit_enable"
      }
    },
    "fiskheroes:transformation": {
      "transformation": {
        "toggleData": "pwt:dyn/symbiot",
        "timerData": "pwt:dyn/symbiot_timer",
        "time": 20
      },
      "soundEvents": {
        "ENABLE": "pwt:carnage_suit_enable",
        "DISABLE": "pwt:carnage_suit_disable"
      }
   
    },
    "fiskheroes:cooldown": {
      "cooldown": {
        "toggleData": "pwt:dyn/symbiot",
        "cooldownData": "pwt:dyn/symbiot_cooldown",
        "duration": 10000,
        "recovery": 1.0
      }
    },
	
    "fiskheroes:tentacles": {
      "tentacles": [
        [1.4, 0.5, 0.2],
        [-1.6, 1.0, 0.1],
		
        [1.5, -1.2, 0.3],
        [-1.5, -1.2, 0.3],
		
		[0.7, 1.7, 0.5],
        [-0.8, 1.3, 0.5]
      ],
      "climbing": {
        "speed": 0.15,
        "range": 8,
        "tolerance": 9,
        "minAnchorPoints": 3,
        "anchorPointZones": [
          ["TOP", "RIGHT", "FRONT"],
          ["TOP", "LEFT", "FRONT"],
          ["BOTTOM", "RIGHT", "BACK"],
          ["BOTTOM", "LEFT", "BACK"],
		  ["TOP","BOTTOM","RIGHT", "BACK", "FRONT"],
          ["TOP","BOTTOM","LEFT", "BACK", "FRONT"]
        ]
      },
      "range": 10.0,
      "damageProfile": {
        "damage": 8.5,
        "types": {
          "SHARP": 1.0,
          "BLUNT": 0.5
        },
        "properties": {
          "DAMAGE_DROPOFF": 0.6,
          "HIT_COOLDOWN": 0
        }
      },
      
      "canBreakGlass": true,
      "soundEvents": {
        "ENABLE": "pwt:carnage_tentacle_enable",
        "DISABLE": "pwt:carnage_tentacle_disable",
        "ANCHOR": "pwt:carnage_tentacle_climb",
        "UNANCHOR": "pwt:carnage_tentacle_unanchor",
        "RELEASE": "pwt:carnage_tentacle_unanchor",
        "JAB_START": "pwt:carnage_tentacle_jab",
        "GRAB_START": "pwt:carnage_tentacle_grab"
      }
    },
	"fiskheroes:equipment": {
      "equipment": {
        "fiskheroes:sticky_web": {
          "cooldown": 18,
          "uses": 9,
          "dissolveTime": 140
        },
        "fiskheroes:impact_web": {
          "cooldown": 13,
          "uses": 6,
          "damageProfile": {
            "damage": 6.0,
            "types": {
              "BLUNT": 0.5,
			  "SHARP": 0.5
            },
            "properties": {
              "DAMAGE_DROPOFF": 0.2,
              "HIT_COOLDOWN": 0
            }
          }
        }
      },
		  "soundEvents": {
			"USE": "pwt:web_shoot_symbiot"
		  }
        
      
    },
	"fiskheroes:web_swinging": {
      "cooldownTime": 5,
      "soundEvents": {
        "SHOOT": "pwt:web_shoot_symbiot",
        "RELEASE": "fiskheroes:web_swinging_whoosh",
        "SWING": ["fiskheroes:web_swinging", "fiskheroes:web_stress_loop"]
      }
    },
    "fiskheroes:web_zip": {
      "range": 48.0,
      "cooldownTime": 20,
      "soundEvents": {
        "SHOOT": "pwt:carnage_tentacle_grab"
      }
    },
	"fiskheroes:water_breathing": {
    },
	"fiskheroes:wall_crawling": {
    },
    "fiskheroes:regeneration": {
      "factor": 0.5
    },
    "fiskheroes:potion_immunity": {
      "potionEffects": ["minecraft:poison", "minecraft:wither"]
    },
    "fiskheroes:arrow_catching": {
    },
    "fiskheroes:leaping": {
      "leapAmount": [1.0, 0.25]
    },
	"fiskheroes:leaping|springboard": {
      "leapAmount": [2.0, 0.75],
      "soundEvents": {
        "LEAP": "fiskheroes:web_swinging_whoosh"
      }
    },
	 "fiskheroes:fire_weakness": {
      "radius": 1.5,
      "duration": 100
    },
	"fiskheroes:damage_weakness|sound": {
      "damageType": "SOUND",
      "factor": 8
    },
	"fiskheroes:damage_weakness|electricity": {
      "damageType": "ELECTRICITY",
      "factor": 6
    },
	"fiskheroes:damage_weakness|fire": {
      "damageType": "FIRE",
      "factor": 1.4
    },
	"fiskheroes:healing_factor": {
      "delay": 195,
      "soundEvents": {
        "HEAL": "fiskheroes:healing_factor"
      }
    },
	"fiskheroes:blade": {
      "soundEvents": {
        "ENABLE": "pwt:carnage_blade_toggle",
        "DISABLE": "pwt:carnage_blade_disable"
      }
    }
  },
  "hud": [
    {
      "type": "PROGRESS",
      "texture": "pwt:textures/gui/bars/carnage_bar.png",
      "data": "pwt:dyn/symbiot_cooldown"
    }
  ]
}
