{
  "name": "Venom Symbiote",
  "modifiers": {
  "fiskheroes:size_manipulation|small": {
      "isInstant": true,
      "minSize": 1.0,
      "maxSize": 1.0,
	  "soundEvents": {
        "SHRINK": "pwt:venom_suit_disable",
        "GROW": "pwt:venom_suit_enable"
      }
    },	  
  "fiskheroes:size_manipulation|giant": {
      "isInstant": true,
      "minSize": 1.0,
      "maxSize": 1.3,
	  "soundEvents": {
        "SHRINK": "pwt:venom_suit_disable",
        "GROW": "pwt:venom_suit_enable"
      }
    },
    "fiskheroes:transformation": {
      "transformation": {
        "toggleData": "pwt:dyn/symbiot",
        "timerData": "pwt:dyn/symbiot_timer",
        "time": 16
      },
      "soundEvents": {
        "ENABLE": "pwt:venom_suit_enable",
        "DISABLE": "pwt:venom_suit_disable"
      }
   
    },
    "fiskheroes:cooldown": {
      "cooldown": {
        "toggleData": "pwt:dyn/symbiot",
        "cooldownData": "pwt:dyn/symbiot_cooldown",
        "duration": 10000,
        "recovery": 0.9
      }
    },
	
    "fiskheroes:tentacles": {
      "tentacles": [
        [1.3, 0.5, -0.3],
		
        [-1.5, -0.2, 0.0],
		
        [1.4, -1.3, 0.1],

      ],
      "climbing": {
        "speed": 0.15,
        "range": 4,
        "tolerance": 5,
        "minAnchorPoints": 3,
        "anchorPointZones": [
          ["TOP", "RIGHT", "FRONT"],
          ["TOP", "LEFT", "FRONT"],
          ["TOP", "LEFT", "RIGHT", "BACK"],
   
        ]
      },
      "range": 8.0,
      "damageProfile": {
        "damage": 7.5,
        "types": {
          "SHARP": 1.0,
          "BLUNT": 0.5
        },
        "properties": {
          "DAMAGE_DROPOFF": 0.6,
          "HIT_COOLDOWN": 0
        }
      },
      "canBreakGlass": true,
      "soundEvents": {
        "ENABLE": "pwt:carnage_tentacle_enable",
        "DISABLE": "pwt:carnage_tentacle_disable",
        "ANCHOR": "pwt:carnage_tentacle_climb",
        "UNANCHOR": "pwt:carnage_tentacle_unanchor",
        "RELEASE": "pwt:carnage_tentacle_unanchor",
        "JAB_START": "pwt:carnage_tentacle_jab",
        "GRAB_START": "pwt:carnage_tentacle_grab"
      }
    },
	"fiskheroes:equipment": {
      "equipment": {
        "fiskheroes:sticky_web": {
          "cooldown": 18,
          "uses": 10,
          "dissolveTime": 120
        },
        "fiskheroes:impact_web": {
          "cooldown": 13,
          "uses": 5,
          "damageProfile": {
            "damage": 5.0,
            "types": {
              "BLUNT": 1.0
            },
            "properties": {
              "DAMAGE_DROPOFF": 0.2,
              "HIT_COOLDOWN": 0
            }
          }
        }
      },
		  "soundEvents": {
			"USE": "pwt:web_shoot_symbiot"
		  }
        
      
    },
	"fiskheroes:web_swinging": {
      "cooldownTime": 5,
      "soundEvents": {
        "SHOOT": "pwt:web_shoot_symbiot",
        "RELEASE": "fiskheroes:web_swinging_whoosh",
        "SWING": ["fiskheroes:web_swinging", "fiskheroes:web_stress_loop"]
      }
    },
    "fiskheroes:web_zip": {
      "range": 48.0,
      "cooldownTime": 20,
      "soundEvents": {
        "SHOOT": "pwt:carnage_tentacle_grab"
      }
    },
	"fiskheroes:water_breathing": {
    },
	"fiskheroes:wall_crawling": {
    },
    "fiskheroes:regeneration": {
      "factor": 0.5
    },
    "fiskheroes:potion_immunity": {
      "potionEffects": ["minecraft:nausea", "minecraft:poison", "minecraft:wither"]
    },
    "fiskheroes:arrow_catching": {
    },
    "fiskheroes:leaping": {
      "leapAmount": [1.0, 0.25]
    },
	"fiskheroes:leaping|springboard": {
      "leapAmount": [2.0, 0.75],
      "soundEvents": {
        "LEAP": "fiskheroes:web_swinging_whoosh"
      }
    },
	 "fiskheroes:fire_weakness": {
      "radius": 2.0,
      "duration": 100
    
	},
	"fiskheroes:damage_weakness|sound": {
      "damageType": "SOUND",
      "factor": 10.0
    },
	"fiskheroes:damage_weakness|electricity": {
      "damageType": "ELECTRICITY",
      "factor": 7.5
    },
	"fiskheroes:damage_weakness|fire": {
      "damageType": "FIRE",
      "factor": 1.8
    },
	"fiskheroes:healing_factor": {
      "delay": 200,
      "soundEvents": {
        "HEAL": "fiskheroes:healing_factor"
      }
    }
  },
  "hud": [
    {
      "type": "PROGRESS",
      "texture": "pwt:textures/gui/bars/venom_bar.png",
      "data": "pwt:dyn/symbiot_cooldown"
    }
  ]
}
