{
  "texture": {
    "in": "tmf:omnitrix/p1/lights/upgrade_mk50_lights",
    "transform": [
      {
        "operation": "XOR",
        "supply": "fiskheroes:xor/iron_man_mk50_suit_<TIMER>"
      },
      {
        "operation": "HUE",
        "supply": "<HUE>"
      }
    ],
    "out": "tmf:generated/upgrade_mk50_lights_<TIMER>_<HUE>"
  },
  "getters": {
    "HUE": {
      "key": "(entity.getWornChestplate().nbt().getInteger('Color')) | 0",
      "values": {
        "min": 0,
        "max": 360,
        "step": 30
      }
    },
    "TIMER": {
      "key": "Math.ceil(24 * entity.getInterpolatedData('tmf:dyn/upgrade_liquified_timer')) | 0",
      "values": {
        "min": 1,
        "max": 24
      }
    }
  },
  "isDynamic": true
}
