{
  "particles": [
    {
      "condition": "!firstPerson && entity.getData('fiskheroes:flight_boost_timer') > 0.5 && entity.getData('fiskheroes:dyn/flight_super_boost') == 2",
      "type": "minecraft:bubble",
      "anchor": "body",
      "amount": 3,
      "offset": [ 2.7, 8.0, 0 ],
      "randOffset": [ 0.5, 0.5, 0.5 ],
      "motion": [ 0.0, -0.075, 0.0 ],
      "mirror": true
    },
	{
      "condition": "!firstPerson && entity.getData('fiskheroes:flight_boost_timer') > 0.5 && entity.getData('fiskheroes:dyn/flight_super_boost') == 0 && ((entity.loop(20) < 0.3 && entity.loop(20) > 0.1) || (entity.loop(20) > 0.6 && entity.loop(20) <0.8))",
      "type": "minecraft:bubble",
      "anchor": "rightLeg",
      "amount": 1,
      "offset": [ 0, 8.0, 0 ],
      "randOffset": [ 0.2, 0.2, 0.2 ],
      "motion": [ 0.0, -0.075, 0.0 ],
      "mirror": true
    }
  ]
}
