{
  "particles": [
    {
      "condition": "!firstPerson",
      "type": "ENERGY_SMOKE",
      "anchor": "rightArm",
      "amount": 3,
      "offset": [0.38, 10.0, 0.0],
      "randOffset": [-0.05, 0.1, 0.0],
      "motion": [0.9, 0.4, 0.0],
      "mirror": true
    },
    {
      "condition": "!firstPerson",
      "type": "ENERGY_SMOKE",
      "anchor": "rightArm",
      "amount": 3,
      "offset": [0.38, 10.0, 0.0],
      "randOffset": [0.05, 0.1, 0.0],
      "motion": [1.0, 1.0, 1.0],
      "mirror": true
    },
    {
      "condition": "!firstPerson",
      "type": "ENERGY_SMOKE",
      "anchor": "rightArm",
      "amount": 3,
      "offset": [0.38, 10.0, 0.0],
      "randOffset": [0.1, 0.1, 0.0],
      "motion": [0.9, 0.6, 0.0],
      "mirror": true
    }
  ]
}
