{
  "particles": [
    {
      "condition": "!firstPerson",
      "type": "ENERGY_SMOKE",
      "anchor": "rightLeg",
      "amount": 2,
      "offset": [0.38, 10.0, 0.0],
      "randOffset": [0.0, 0.1, 0.0],
      "motion": [1.0, 0.05, 0.1],
      "mirror": true
    },
    {
      "condition": "!firstPerson",
      "type": "ENERGY_SMOKE",
      "anchor": "rightLeg",
      "amount": 1,
      "offset": [0.38, 10.0, 0.0],
      "randOffset": [0.0, 0.2, 0.0],
      "motion": [1.0, 0.05, 0.4],
      "mirror": true
    }
  ]
}
