{
  "name": "Kamutoke",
  "permission": "USE_KAMUTOKE",
  "holdingPose": "SINGLE",
  "cooldown": 16,
  "damage": 2,
  "activation": {
    "type": "PRECHARGED",
    "chargeTime": 12
  },
  "projectiles": [
    {
      "type": "BEAM",
	  "amount" : 30,
      "spread": 10.5,
      "range": 48.0,
      "speed": 256.0,
      "trail": 6,
      "hitRadius": 0.4,
      "impact": {
        "type": "ARC",
        "range": 5.0,
        "speed": 6.0,
        "trail": 4,
        "hitRadius": 0.1,
        "maxArcs": 6
      }
    }
  ],
  "soundEvents": {
    "CHARGED": "fisktag:tesla_gun_charged",
    "SHOOT": "fisktag:tesla_gun_shoot",
    "START": ["fisktag:tesla_gun_start", "fisktag:tesla_gun_start_loop", "fisktag:tesla_gun_started"]
  }
}
