{
  "aspects": [
    {
      "type": "LASER",
      "opacity": 0.0,
      "scale": 1.0,
      "spin": 10.0,
      "pulse": {
        "length": 1.0,
        "size": 0.25,
        "frequency": 5.0
      },
      "core": {
        "color": "0xFFFFFF",
        "additiveBlending": true
      },
      "bloom": {
        "strength": 0.50,
        "spread": 10.5,
        "dropoff": 2.0,
        "quality": 1.0,
        "scaleToSize": false
      }
    },
    {
      "type": "LIGHTNING",
      "opacity": 0.6,
      "scale": 0.75,
      "amount": 6,
      "segments": {
        "min": 25,
        "spacing": 0.5
      },
      "intensity": 1.0,
      "changeRate": 1.0,
      "bounds": [1.75, 1.75],
      "core": {
        "color": "0xFFFFFF",
        "additiveBlending": true
      },
      "bloom": {
        "strength": 1.5,
        "spread": 4.0,
        "dropoff": 2.0,
        "quality": 1.0,
        "scaleToSize": true
      }
    }
  ]
}